,name,book_to_market,,Date
,台泥,1.28,,2009
,統一,2.09,,2009
,台塑,1.94,,2009
,南亞,1.96,,2009
,台化,1.81,,2009
,中鋼,1.89,,2009
,和泰車,1.86,,2009
,聯電,1.02,,2009
,台達電,3.63,,2009
,鴻海,2.8,,2009
,國巨,0.84,,2009
,台積電,3.44,,2009
,華碩,1.59,,2009
,瑞昱,2.52,,2009
,廣達,2.55,,2009
,研華,2.74,,2009
,南亞科,4.37,,2009
,友達,1.17,,2009
,中華電,1.66,,2009
,聯發科,5.66,,2009
,長榮,1,,2009
,陽明,0.8,,2009
,萬海,1.33,,2009
,彰銀,1.13,,2009
,華南金,1.27,,2009
,富邦金,1.5,,2009
,國泰金,2.58,,2009
,開發金,0.79,,2009
,玉山金,0.86,,2009
,元大金,1.45,,2009
,兆豐金,1,,2009
,台新金,0.87,,2009
,中信金,1.09,,2009
,第一金,1.1,,2009
,統一超,4.21,,2009
,大立光,4.38,,2009
,聯詠,2.87,,2009
,欣興,2.01,,2009
,台灣大,4.84,,2009
,遠傳,1.83,,2009
,台塑化,3.49,,2009
,南電,2.54,,2009
,豐泰,1.71,,2009
,台泥,1.27,,2010
,統一,2.17,,2010
,台塑,2.02,,2010
,南亞,2.08,,2010
,台化,1.9,,2010
,中鋼,1.88,,2010
,和泰車,1.74,,2010
,聯電,0.98,,2010
,台達電,3.5,,2010
,鴻海,2.64,,2010
,國巨,0.83,,2010
,台積電,3.29,,2010
,華碩,1.45,,2010
,瑞昱,2.41,,2010
,廣達,2.62,,2010
,研華,2.74,,2010
,南亞科,3.98,,2010
,友達,1.08,,2010
,中華電,1.55,,2010
,聯發科,5.49,,2010
,長榮,1.03,,2010
,陽明,0.78,,2010
,萬海,1.35,,2010
,彰銀,1.11,,2010
,華南金,1.36,,2010
,富邦金,1.43,,2010
,國泰金,2.46,,2010
,開發金,0.77,,2010
,玉山金,0.85,,2010
,元大金,1.3,,2010
,兆豐金,1.02,,2010
,台新金,0.68,,2010
,中信金,1.08,,2010
,第一金,1.06,,2010
,統一超,4.32,,2010
,大立光,4.34,,2010
,聯詠,2.75,,2010
,欣興,1.84,,2010
,台灣大,4.7,,2010
,遠傳,1.8,,2010
,台塑化,3.52,,2010
,南電,2.36,,2010
,豐泰,1.68,,2010
,台泥,1.28,,2010
,統一,2.21,,2011
,台塑,2.04,,2011
,南亞,2.12,,2011
,台化,1.94,,2011
,中鋼,1.91,,2011
,和泰車,1.87,,2011
,聯電,1.07,,2011
,台達電,3.97,,2011
,鴻海,2.86,,2011
,國巨,0.94,,2011
,台積電,3.44,,2011
,華碩,1.42,,2011
,瑞昱,2.46,,2011
,廣達,2.47,,2011
,研華,2.86,,2011
,南亞科,5.07,,2011
,友達,1.18,,2011
,中華電,1.61,,2011
,聯發科,5.99,,2011
,長榮,1.01,,2011
,陽明,0.82,,2011
,萬海,1.48,,2011
,彰銀,1.13,,2011
,華南金,1.33,,2011
,富邦金,1.55,,2011
,國泰金,2.52,,2011
,開發金,0.8,,2011
,玉山金,0.92,,2011
,元大金,1.36,,2011
,兆豐金,1.06,,2011
,台新金,0.81,,2011
,中信金,1.12,,2011
,第一金,1.07,,2011
,統一超,4.53,,2011
,大立光,5.01,,2011
,聯詠,3.01,,2011
,欣興,2.09,,2011
,台灣大,4.68,,2011
,遠傳,1.79,,2011
,台塑化,3.63,,2011
,南電,2.36,,2011
,豐泰,1.87,,2011
,台泥,1.21,,2011
,統一,2.14,,2011
,台塑,2.04,,2011
,南亞,2.17,,2011
,台化,2.08,,2012
,中鋼,1.95,,2012
,和泰車,2.34,,2012
,聯電,1.02,,2012
,台達電,4.13,,2012
,鴻海,3.09,,2012
,國巨,1.14,,2012
,台積電,3.46,,2012
,華碩,1.57,,2012
,瑞昱,2.46,,2012
,廣達,2.38,,2012
,研華,2.98,,2012
,南亞科,4.62,,2012
,友達,1.19,,2012
,中華電,1.59,,2012
,聯發科,5.81,,2012
,長榮,1.09,,2012
,陽明,0.89,,2012
,萬海,1.62,,2012
,彰銀,1.11,,2012
,華南金,1.26,,2012
,富邦金,1.55,,2012
,國泰金,2.4,,2012
,開發金,0.78,,2012
,玉山金,1,,2012
,元大金,1.34,,2012
,兆豐金,1.06,,2012
,台新金,0.77,,2012
,中信金,1.1,,2012
,第一金,1.07,,2012
,統一超,5.15,,2012
,大立光,5.46,,2012
,聯詠,3.3,,2012
,欣興,2.44,,2012
,台灣大,4.71,,2012
,遠傳,1.8,,2012
,台塑化,3.59,,2012
,南電,2.47,,2012
,豐泰,2.11,,2012
,台泥,1.17,,2012
,統一,2.03,,2012
,台塑,1.88,,2012
,南亞,1.73,,2012
,台化,1.88,,2012
,中鋼,1.78,,2012
,和泰車,2.08,,2012
,聯電,0.96,,2013
,台達電,3.97,,2013
,鴻海,2.59,,2013
,國巨,1.07,,2013
,台積電,3.37,,2013
,華碩,1.24,,2013
,瑞昱,2.22,,2013
,廣達,2.34,,2013
,研華,2.86,,2013
,南亞科,4.42,,2013
,友達,1.03,,2013
,中華電,1.6,,2013
,聯發科,5.69,,2013
,長榮,0.98,,2013
,陽明,0.91,,2013
,萬海,1.47,,2013
,彰銀,1,,2013
,華南金,1.23,,2013
,富邦金,1.47,,2013
,國泰金,2.26,,2013
,開發金,0.73,,2013
,玉山金,0.91,,2013
,元大金,1.21,,2013
,兆豐金,0.98,,2013
,台新金,0.72,,2013
,中信金,1.03,,2013
,第一金,1.02,,2013
,統一超,5.24,,2013
,大立光,5.56,,2013
,聯詠,2.83,,2013
,欣興,2.45,,2013
,台灣大,4.79,,2013
,遠傳,1.8,,2013
,台塑化,3.37,,2013
,南電,2.54,,2013
,豐泰,1.89,,2013
,台泥,1.12,,2013
,統一,2.07,,2013
,台塑,1.74,,2013
,南亞,1.56,,2013
,台化,1.72,,2013
,中鋼,1.54,,2013
,和泰車,1.85,,2013
,聯電,0.9,,2013
,台達電,3.19,,2013
,鴻海,2.14,,2013
,國巨,0.94,,2013
,台積電,2.97,,2014
,華碩,0.86,,2014
,瑞昱,1.91,,2014
,廣達,2,,2014
,研華,2.59,,2014
,南亞科,2.4,,2014
,友達,0.95,,2014
,中華電,1.6,,2014
,聯發科,4.12,,2014
,長榮,1.17,,2014
,陽明,1.35,,2014
,萬海,1.61,,2014
,彰銀,1.11,,2014
,華南金,1.23,,2014
,富邦金,1.4,,2014
,國泰金,2.28,,2014
,開發金,0.74,,2014
,玉山金,0.91,,2014
,元大金,1.2,,2014
,兆豐金,0.96,,2014
,台新金,0.69,,2014
,中信金,1.08,,2014
,第一金,1.11,,2014
,統一超,4.87,,2014
,大立光,4.79,,2014
,聯詠,2.39,,2014
,欣興,1.78,,2014
,台灣大,4.48,,2014
,遠傳,1.75,,2014
,台塑化,3.03,,2014
,南電,2.32,,2014
,豐泰,1.74,,2014
,台泥,1.22,,2014
,統一,2.21,,2014
,台塑,1.71,,2014
,南亞,1.7,,2014
,台化,1.61,,2014
,中鋼,1.62,,2014
,和泰車,1.9,,2014
,聯電,0.89,,2014
,台達電,3.4,,2014
,鴻海,2.43,,2014
,國巨,1.02,,2014
,台積電,3.06,,2014
,華碩,0.87,,2014
,瑞昱,1.96,,2014
,廣達,1.99,,2014
,研華,2.7,,2015
,南亞科,2.06,,2015
,友達,1,,2015
,中華電,1.7,,2015
,聯發科,3.98,,2015
,長榮,1.36,,2015
,陽明,1.7,,2015
,萬海,1.75,,2015
,彰銀,1.27,,2015
,華南金,1.33,,2015
,富邦金,1.53,,2015
,國泰金,2.39,,2015
,開發金,0.78,,2015
,玉山金,1.03,,2015
,元大金,1.24,,2015
,兆豐金,1.07,,2015
,台新金,0.79,,2015
,中信金,1.17,,2015
,第一金,1.17,,2015
,統一超,5.37,,2015
,大立光,5.69,,2015
,聯詠,2.32,,2015
,欣興,2,,2015
,台灣大,4.31,,2015
,遠傳,1.97,,2015
,台塑化,2.89,,2015
,南電,2.31,,2015
,豐泰,1.77,,2015
,台泥,1.2,,2015
,統一,2.37,,2015
,台塑,1.81,,2015
,南亞,1.86,,2015
,台化,1.65,,2015
,中鋼,1.62,,2015
,和泰車,2.09,,2015
,聯電,0.81,,2015
,台達電,3.74,,2015
,鴻海,2.39,,2015
,國巨,0.9,,2015
,台積電,2.89,,2015
,華碩,0.77,,2015
,瑞昱,1.73,,2015
,廣達,1.67,,2015
,研華,2.85,,2015
,南亞科,1.74,,2015
,友達,0.91,,2015
,中華電,1.64,,2015
,聯發科,4.01,,2016
,長榮,1.21,,2016
,陽明,1.56,,2016
,萬海,1.66,,2016
,彰銀,1.36,,2016
,華南金,1.32,,2016
,富邦金,1.53,,2016
,國泰金,2.3,,2016
,開發金,0.75,,2016
,玉山金,1.03,,2016
,元大金,1.26,,2016
,兆豐金,1.08,,2016
,台新金,0.81,,2016
,中信金,1.16,,2016
,第一金,1.18,,2016
,統一超,6.06,,2016
,大立光,5.37,,2016
,聯詠,2.1,,2016
,欣興,1.9,,2016
,台灣大,4.3,,2016
,遠傳,1.83,,2016
,台塑化,2.79,,2016
,南電,1.8,,2016
,豐泰,1.79,,2016
,台泥,1.37,,2016
,統一,2.6,,2016
,台塑,1.96,,2016
,南亞,2.06,,2016
,台化,1.75,,2016
,中鋼,1.72,,2016
,和泰車,2.12,,2016
,聯電,0.87,,2016
,台達電,4.02,,2016
,鴻海,2.49,,2016
,國巨,0.96,,2016
,台積電,3.04,,2016
,華碩,0.79,,2016
,瑞昱,1.97,,2016
,廣達,1.74,,2016
,研華,3.22,,2016
,南亞科,2.01,,2016
,友達,1.07,,2016
,中華電,1.75,,2016
,聯發科,4.03,,2016
,長榮,1.27,,2016
,陽明,1.64,,2016
,萬海,1.76,,2016
,彰銀,1.57,,2017
,華南金,1.42,,2017
,富邦金,1.57,,2017
,國泰金,2.38,,2017
,開發金,0.78,,2017
,玉山金,1.17,,2017
,元大金,1.32,,2017
,兆豐金,1.17,,2017
,台新金,0.86,,2017
,中信金,1.28,,2017
,第一金,1.32,,2017
,統一超,6.88,,2017
,大立光,5.53,,2017
,聯詠,2.43,,2017
,欣興,2.06,,2017
,台灣大,4.4,,2017
,遠傳,1.93,,2017
,台塑化,3.13,,2017
,南電,2.11,,2017
,豐泰,1.95,,2017
,台泥,1.42,,2017
,統一,2.57,,2017
,台塑,2.49,,2017
,南亞,2.09,,2017
,台化,2.24,,2017
,中鋼,1.66,,2017
,和泰車,2.18,,2017
,聯電,0.92,,2017
,台達電,4.12,,2017
,鴻海,2.44,,2017
,國巨,0.93,,2017
,台積電,3.3,,2017
,華碩,1.54,,2017
,瑞昱,2.11,,2017
,廣達,2.11,,2017
,研華,3.67,,2017
,南亞科,1.8,,2017
,友達,0.96,,2017
,中華電,1.93,,2017
,聯發科,4.05,,2017
,長榮,1.34,,2017
,陽明,1.77,,2017
,萬海,1.7,,2017
,彰銀,1.54,,2017
,華南金,1.41,,2017
,富邦金,1.63,,2017
,國泰金,2.47,,2017
,開發金,0.82,,2018
,玉山金,1.14,,2018
,元大金,1.41,,2018
,兆豐金,1.24,,2018
,台新金,0.83,,2018
,中信金,1.28,,2018
,第一金,1.31,,2018
,統一超,7.13,,2018
,大立光,5.77,,2018
,聯詠,2.66,,2018
,欣興,1.94,,2018
,台灣大,5.88,,2018
,遠傳,2.15,,2018
,台塑化,3.67,,2018
,南電,2.37,,2018
,豐泰,2.05,,2018
,台泥,1.53,,2018
,統一,2.72,,2018
,台塑,2.57,,2018
,南亞,2.08,,2018
,台化,2.3,,2018
,中鋼,1.68,,2018
,和泰車,2.17,,2018
,聯電,0.95,,2018
,台達電,4.42,,2018
,鴻海,2.28,,2018
,國巨,0.95,,2018
,台積電,3.33,,2018
,華碩,1.64,,2018
,瑞昱,2.07,,2018
,廣達,2.25,,2018
,研華,3.48,,2018
,南亞科,1.82,,2018
,友達,0.96,,2018
,中華電,1.99,,2018
,聯發科,4.11,,2018
,長榮,1.35,,2018
,陽明,1.84,,2018
,萬海,1.71,,2018
,彰銀,1.54,,2018
,華南金,1.37,,2018
,富邦金,1.62,,2018
,國泰金,2.43,,2018
,開發金,0.8,,2018
,玉山金,1.13,,2018
,元大金,1.37,,2018
,兆豐金,1.18,,2018
,台新金,0.83,,2018
,中信金,1.23,,2018
,第一金,1.32,,2019
,統一超,7.22,,2019
,大立光,6.43,,2019
,聯詠,2.91,,2019
,欣興,2.07,,2019
,台灣大,5.89,,2019
,遠傳,2.1,,2019
,台塑化,3.72,,2019
,南電,2.04,,2019
,豐泰,2.06,,2019
,台泥,1.48,,2019
,統一,2.59,,2019
,台塑,2.46,,2019
,南亞,2.11,,2019
,台化,2.27,,2019
,亞德客-KY,7.73,,2019
,中鋼,1.73,,2019
,和泰車,2.11,,2019
,聯電,0.98,,2019
,台達電,4.44,,2019
,鴻海,2.37,,2019
,國巨,0.97,,2019
,台積電,3.43,,2019
,華碩,1.71,,2019
,瑞昱,1.98,,2019
,廣達,2.16,,2019
,研華,3.26,,2019
,南亞科,2,,2019
,友達,0.95,,2019
,中華電,1.93,,2019
,聯發科,4.14,,2019
,長榮,1.44,,2019
,陽明,1.75,,2019
,萬海,1.73,,2019
,彰銀,1.93,,2019
,華南金,1.64,,2019
,富邦金,1.54,,2019
,國泰金,2.41,,2019
,開發金,1.13,,2019
,玉山金,1.4,,2019
,元大金,1.55,,2019
,兆豐金,1.27,,2019
,台新金,1.04,,2019
,中信金,1.36,,2019
,第一金,1.68,,2019
,統一超,7.1,,2019
,大立光,6.35,,2019
,聯詠,2.67,,2019
,欣興,2.03,,2019
,台灣大,5.56,,2020
,遠傳,2,,2020
,台塑化,4.15,,2020
,南電,2.04,,2020
,豐泰,2.05,,2020
,台泥,1.42,,2020
,統一,2.39,,2020
,台塑,2.5,,2020
,南亞,2.34,,2020
,台化,2.45,,2020
,亞德客-KY,7.52,,2020
,中鋼,1.75,,2020
,和泰車,2.09,,2020
,聯電,1.09,,2020
,台達電,4.2,,2020
,鴻海,2.52,,2020
,國巨,1.04,,2020
,台積電,3.68,,2020
,華碩,1.61,,2020
,瑞昱,1.94,,2020
,廣達,2.17,,2020
,研華,3.54,,2020
,南亞科,2.27,,2020
,友達,0.91,,2020
,中華電,1.86,,2020
,聯發科,3.93,,2020
,長榮,1.45,,2020
,陽明,1.82,,2020
,萬海,1.64,,2020
,彰銀,1.84,,2020
,華南金,1.6,,2020
,富邦金,1.56,,2020
,國泰金,2.52,,2020
,開發金,1.17,,2020
,玉山金,1.38,,2020
,元大金,1.68,,2020
,兆豐金,1.33,,2020
,台新金,1.02,,2020
,中信金,1.57,,2020
,第一金,1.67,,2020
,統一超,6.54,,2020
,大立光,6.97,,2020
,聯詠,2.74,,2020
,欣興,2.16,,2020
,台灣大,5.46,,2020
,遠傳,2.05,,2020
,台塑化,3.95,,2020
,南電,2.06,,2020
,豐泰,2.03,,2020
,台泥,1.33,,2021
,統一,2.26,,2021
,台塑,2.51,,2021
,南亞,2.49,,2021
,台化,2.34,,2021
,亞德客-KY,8.15,,2021
,中鋼,1.73,,2021
,和泰車,2.05,,2021
,聯電,0.93,,2021
,台達電,3.86,,2021
,鴻海,2.19,,2021
,國巨,1,,2021
,台積電,3.4,,2021
,華碩,1.66,,2021
,瑞昱,1.65,,2021
,廣達,2.05,,2021
,研華,3.23,,2021
,南亞科,1.95,,2021
,友達,0.85,,2021
,中華電,1.83,,2021
,聯發科,3.31,,2021
,長榮,1.26,,2021
,陽明,1.56,,2021
,萬海,1.37,,2021
,彰銀,1.63,,2021
,華南金,1.42,,2021
,富邦金,1.45,,2021
,國泰金,2.21,,2021
,開發金,1,,2021
,玉山金,1.27,,2021
,元大金,1.44,,2021
,兆豐金,1.21,,2021
,台新金,0.93,,2021
,中信金,1.47,,2021
,第一金,1.51,,2021
,統一超,6.52,,2021
,大立光,7.1,,2021
,聯詠,2.58,,2021
,欣興,1.96,,2021
,台灣大,5.3,,2021
,遠傳,2.01,,2021
,台塑化,3.76,,2021
,南電,2,,2021
,豐泰,1.97,,2021
,台泥,1.61,,2021
,統一,2.41,,2021
,台塑,2.61,,2021
,南亞,2.52,,2021
,台化,2.58,,2021
,亞德客-KY,10.14,,2021
,中鋼,1.82,,
,和泰車,2.04,,
,聯電,0.92,,
,台達電,3.64,,
,鴻海,2.07,,
,國巨,0.97,,
,台積電,3.41,,
,華碩,1.54,,
,瑞昱,1.5,,
,廣達,1.96,,
,研華,3.59,,
,南亞科,1.89,,
,友達,0.81,,
,中華電,1.91,,
,聯發科,3.35,,
,長榮,1.18,,
,陽明,1.43,,
,萬海,1.39,,
,彰銀,1.76,,
,華南金,1.49,,
,富邦金,1.51,,
,國泰金,2.26,,
,開發金,1.02,,
,玉山金,1.29,,
,元大金,1.51,,
,兆豐金,1.31,,
,台新金,1.01,,
,中信金,1.58,,
,第一金,1.57,,
,統一超,6.89,,
,大立光,6.97,,
,聯詠,2.46,,
,欣興,1.78,,
,台灣大,5.52,,
,遠傳,2.08,,
,台塑化,4.05,,
,南電,1.65,,
,豐泰,1.93,,
,台泥,1.9,,
,統一,2.47,,
,台塑,2.95,,
,南亞,2.55,,
,台化,2.67,,
,亞德客-KY,11.65,,
,中鋼,1.83,,
,和泰車,2.12,,
,聯電,0.89,,
,台達電,4,,
,鴻海,2.18,,
,國巨,1.05,,
,台積電,3.54,,
,華碩,1.56,,
,瑞昱,1.62,,
,廣達,2,,
,研華,3.74,,
,南亞科,1.78,,
,友達,0.72,,
,中華電,1.9,,
,聯發科,3.14,,
,長榮,1.28,,
,陽明,1.51,,
,萬海,1.48,,
,彰銀,1.86,,
,華南金,1.55,,
,富邦金,1.62,,
,國泰金,2.23,,
,開發金,1.03,,
,玉山金,1.42,,
,元大金,1.42,,
,兆豐金,1.41,,
,台新金,1.02,,
,中信金,1.66,,
,第一金,1.66,,
,統一超,8.29,,
,大立光,7.96,,
,聯詠,2.49,,
,欣興,1.67,,
,台灣大,5.89,,
,遠傳,2.05,,
,台塑化,4.22,,
,南電,1.76,,
,豐泰,1.97,,
,台泥,1.89,,
,統一,2.47,,
,台塑,2.77,,
,南亞,2.32,,
,台化,2.54,,
,亞德客-KY,14,,
,中鋼,1.77,,
,和泰車,2.24,,
,聯電,0.89,,
,台達電,3.57,,
,鴻海,2.02,,
,國巨,1.06,,
,台積電,3.7,,
,華碩,1.82,,
,瑞昱,1.83,,
,廣達,2.3,,
,研華,3.64,,
,南亞科,1.44,,
,友達,0.74,,
,中華電,1.95,,
,聯發科,3.18,,
,長榮,1.29,,
,陽明,1.55,,
,萬海,1.49,,
,彰銀,1.83,,
,華南金,1.52,,
,富邦金,1.61,,
,國泰金,2.17,,
,開發金,1.01,,
,玉山金,1.47,,
,元大金,1.41,,
,兆豐金,1.38,,
,台新金,1.04,,
,中信金,1.62,,
,第一金,1.54,,
,統一超,8.65,,
,大立光,8.26,,
,聯詠,2.79,,
,欣興,1.88,,
,台灣大,6.17,,
,遠傳,2.1,,
,台塑化,4.26,,
,南電,2.17,,
,豐泰,1.89,,
,台泥,1.58,,
,統一,2.51,,
,台塑,2.18,,
,南亞,1.99,,
,台化,2.04,,
,亞德客-KY,7.16,,
,中鋼,1.72,,
,和泰車,2.26,,
,聯電,0.84,,
,台達電,3.15,,
,鴻海,1.92,,
,國巨,0.88,,
,台積電,3.08,,
,華碩,1.65,,
,瑞昱,1.58,,
,廣達,2.27,,
,研華,3.43,,
,南亞科,1.39,,
,友達,0.68,,
,中華電,2.04,,
,聯發科,2.97,,
,長榮,1.05,,
,陽明,1.34,,
,萬海,1.44,,
,彰銀,1.65,,
,華南金,1.45,,
,富邦金,1.73,,
,國泰金,2.12,,
,開發金,1,,
,玉山金,1.37,,
,元大金,1.35,,
,兆豐金,1.36,,
,台新金,0.99,,
,中信金,1.49,,
,第一金,1.43,,
,統一超,7.98,,
,大立光,7,,
,聯詠,2.42,,
,欣興,1.74,,
,台灣大,5.46,,
,遠傳,2.04,,
,台塑化,3.62,,
,南電,2.01,,
,豐泰,1.7,,
,台泥,1.69,,
,統一,2.86,,
,台塑,2.28,,
,南亞,2.07,,
,台化,1.99,,
,亞德客-KY,7.02,,
,中鋼,1.57,,
,和泰車,2.95,,
,聯電,0.77,,
,台達電,3.05,,
,鴻海,1.77,,
,國巨,0.79,,
,台積電,3.07,,
,華碩,1.64,,
,瑞昱,1.5,,
,廣達,2.37,,
,研華,3.77,,
,南亞科,1.14,,
,友達,0.55,,
,中華電,2.06,,
,聯發科,2.46,,
,長榮,0.9,,
,陽明,1.13,,
,萬海,1.34,,
,彰銀,1.73,,
,華南金,1.47,,
,富邦金,1.84,,
,國泰金,2.1,,
,開發金,0.95,,
,玉山金,1.34,,
,元大金,1.4,,
,兆豐金,1.5,,
,台新金,0.95,,
,中信金,1.55,,
,第一金,1.71,,
,統一超,8.87,,
,大立光,7.38,,
,聯詠,2.11,,
,欣興,1.75,,
,台灣大,5.57,,
,遠傳,2.12,,
,台塑化,3.89,,
,南電,1.84,,
,豐泰,1.66,,
,台泥,1.43,,
,統一,2.74,,
,台塑,1.89,,
,南亞,1.8,,
,台化,1.68,,
,亞德客-KY,6.5,,
,中鋼,1.74,,
,和泰車,2.86,,
,聯電,0.67,,
,台達電,2.54,,
,鴻海,1.58,,
,國巨,0.62,,
,台積電,2.96,,
,華碩,1.73,,
,瑞昱,1.31,,
,廣達,1.96,,
,研華,3.23,,
,南亞科,0.9,,
,友達,0.48,,
,中華電,2.06,,
,聯發科,2.78,,
,長榮,0.85,,
,陽明,0.95,,
,萬海,1.13,,
,彰銀,1.63,,
,華南金,1.38,,
,富邦金,1.7,,
,國泰金,1.8,,
,開發金,0.82,,
,玉山金,1.37,,
,元大金,1.26,,
,兆豐金,1.41,,
,台新金,0.81,,
,中信金,1.41,,
,第一金,1.59,,
,統一超,8.89,,
,大立光,6.31,,
,聯詠,1.99,,
,欣興,1.43,,
,台灣大,5.52,,
,遠傳,2.06,,
,台塑化,3.03,,
,南電,1.82,,
,豐泰,1.54,,
,台泥,1.22,,
,統一,2.56,,
,台塑,1.72,,
,南亞,1.73,,
,台化,1.52,,
,亞德客-KY,5.49,,
,中鋼,1.65,,
,和泰車,2.7,,
,聯電,0.68,,
,台達電,2.17,,
,鴻海,1.49,,
,國巨,0.58,,
,台積電,2.99,,
,華碩,1.63,,
,瑞昱,1.5,,
,廣達,1.98,,
,研華,3.15,,
,南亞科,0.67,,
,友達,0.43,,
,中華電,2.09,,
,聯發科,3.22,,
,長榮,0.78,,
,陽明,0.81,,
,萬海,1.01,,
,彰銀,1.34,,
,華南金,1.27,,
,富邦金,1.32,,
,國泰金,1.71,,
,開發金,0.8,,
,玉山金,1.22,,
,元大金,1.15,,
,兆豐金,1.18,,
,台新金,0.74,,
,中信金,1.16,,
,第一金,1.41,,
,統一超,8.34,,
,大立光,5.46,,
,聯詠,1.87,,
,欣興,1.48,,
,台灣大,5.26,,
,遠傳,2.02,,
,台塑化,3.01,,
,南電,1.59,,
,豐泰,1.55,,
,台泥,1.44,,
,統一,2.79,,
,台塑,2.18,,
,南亞,1.99,,
,台化,1.91,,
,亞德客-KY,5.7,,
,中鋼,1.77,,
,和泰車,2.99,,
,聯電,0.84,,
,台達電,2.48,,
,鴻海,1.79,,
,國巨,0.61,,
,台積電,3.38,,
,華碩,1.55,,
,瑞昱,1.52,,
,廣達,2.19,,
,研華,3.34,,
,南亞科,0.76,,
,友達,0.49,,
,中華電,2.25,,
,聯發科,3.81,,
,長榮,0.9,,
,陽明,0.98,,
,萬海,1.19,,
,彰銀,1.46,,
,華南金,1.36,,
,富邦金,1.44,,
,國泰金,1.8,,
,開發金,0.88,,
,玉山金,1.2,,
,元大金,1.36,,
,兆豐金,1.33,,
,台新金,0.8,,
,中信金,1.29,,
,第一金,1.44,,
,統一超,9.56,,
,大立光,5.42,,
,聯詠,2.18,,
,欣興,1.44,,
,台灣大,6.52,,
,遠傳,2.4,,
,台塑化,3.83,,
,南電,1.7,,
,豐泰,1.82,,
,台泥,1.24,,
,統一,2.75,,
,台塑,1.95,,
,南亞,1.62,,
,台化,1.69,,
,亞德客-KY,3.85,,
,中鋼,1.72,,
,和泰車,3.71,,
,聯電,0.82,,
,台達電,2.26,,
,鴻海,1.71,,
,國巨,0.58,,
,台積電,3.43,,
,華碩,1.51,,
,瑞昱,1.31,,
,廣達,2.16,,
,研華,3.34,,
,南亞科,0.6,,
,友達,0.52,,
,中華電,2.23,,
,聯發科,3.34,,
,長榮,0.79,,
,陽明,0.91,,
,萬海,0.96,,
,彰銀,1.21,,
,華南金,1.38,,
,富邦金,1.23,,
,國泰金,1.51,,
,開發金,0.78,,
,玉山金,1,,
,元大金,1.16,,
,兆豐金,1.11,,
,台新金,0.67,,
,中信金,1.07,,
,第一金,1.23,,
,統一超,8.51,,
,大立光,3.84,,
,聯詠,2.15,,
,欣興,1.17,,
,台灣大,7.28,,
,遠傳,2.76,,
,台塑化,3.79,,
,南電,1.31,,
,豐泰,1.81,,
,台泥,1.38,,
,統一,2.8,,
,台塑,2,,
,南亞,1.76,,
,台化,1.79,,
,亞德客-KY,3.69,,
,中鋼,1.52,,
,和泰車,3.04,,
,聯電,0.79,,
,台達電,2.28,,
,鴻海,1.63,,
,國巨,0.5,,
,台積電,3.28,,
,華碩,1.47,,
,瑞昱,1.28,,
,廣達,2.23,,
,研華,3.12,,
,南亞科,8.87,,
,友達,0.51,,
,中華電,2.16,,
,聯發科,3.17,,
,長榮,0.81,,
,陽明,1.03,,
,萬海,1.09,,
,彰銀,1.18,,
,華南金,1.32,,
,富邦金,1.25,,
,國泰金,1.98,,
,開發金,0.82,,
,玉山金,0.9,,
,元大金,1.21,,
,兆豐金,1.14,,
,台新金,0.64,,
,中信金,1.2,,
,第一金,1.07,,
,統一超,8.64,,
,大立光,4.07,,
,聯詠,2.14,,
,欣興,1.23,,
,台灣大,7.07,,
,遠傳,2.66,,
,中租-KY,1.44,,
,合庫金,0.98,,
,台塑化,3.9,,
,南電,1.14,,
,豐泰,1.64,,
,台泥,1.45,,
,統一,2.77,,
,台塑,2.13,,
,南亞,1.83,,
,台化,1.91,,
,亞德客-KY,4.38,,
,中鋼,1.55,,
,和泰車,3.2,,
,聯電,0.97,,
,台達電,2.42,,
,鴻海,1.88,,
,國巨,0.59,,
,台積電,3.4,,
,華碩,1.6,,
,瑞昱,1.59,,
,廣達,2.22,,
,研華,3.34,,
,南亞科,9.41,,
,友達,0.62,,
,中華電,2.08,,
,聯發科,3.23,,
,長榮,0.88,,
,陽明,1.11,,
,萬海,1.23,,
,彰銀,1.2,,
,華南金,1.35,,
,富邦金,1.28,,
,國泰金,2.04,,
,開發金,0.84,,
,玉山金,0.96,,
,元大金,1.3,,
,兆豐金,1.14,,
,台新金,0.67,,
,中信金,1.21,,
,第一金,1.09,,
,統一超,8.32,,
,大立光,4.58,,
,聯詠,2.37,,
,欣興,1.34,,
,台灣大,6.71,,
,遠傳,2.67,,
,中租-KY,1.89,,
,合庫金,0.99,,
,台塑化,3.84,,
,南電,1.29,,
,豐泰,1.66,,
,台泥,1.49,,
,統一,2.85,,
,台塑,2.27,,
,南亞,2.12,,
,台化,2.06,,
,亞德客-KY,4.97,,
,中鋼,1.61,,
,和泰車,4.17,,
,聯電,0.97,,
,台達電,2.56,,
,鴻海,2.02,,
,國巨,0.64,,
,台積電,3.51,,
,華碩,1.88,,
,瑞昱,1.81,,
,廣達,2.55,,
,研華,3.7,,
,南亞科,16.29,,
,友達,0.62,,
,中華電,1.95,,
,聯發科,3.44,,
,長榮,1.09,,
,陽明,1.46,,
,萬海,1.27,,
,彰銀,1.29,,
,華南金,1.4,,
,富邦金,1.35,,
,國泰金,2.09,,
,開發金,0.95,,
,玉山金,1.11,,
,元大金,1.35,,
,兆豐金,1.29,,
,台新金,0.73,,
,中信金,1.35,,
,第一金,1.14,,
,統一超,8.14,,
,大立光,4.74,,
,聯詠,2.48,,
,欣興,1.33,,
,台灣大,6.78,,
,遠傳,2.89,,
,中租-KY,2.03,,
,合庫金,1.04,,
,台塑化,4.03,,
,南電,1.37,,
,豐泰,1.75,,
,台泥,1.36,,
,統一,2.58,,
,台塑,2.15,,
,南亞,1.96,,
,台化,1.93,,
,亞德客-KY,4.52,,
,中鋼,1.59,,
,和泰車,4.98,,
,聯電,0.89,,
,台達電,2.74,,
,鴻海,2.25,,
,國巨,0.57,,
,台積電,3.68,,
,華碩,1.9,,
,瑞昱,1.56,,
,廣達,2.71,,
,研華,3.83,,
,南亞科,12.15,,
,友達,0.54,,
,中華電,1.97,,
,聯發科,3.23,,
,長榮,1.08,,
,陽明,1.34,,
,萬海,1.26,,
,彰銀,1.2,,
,華南金,1.36,,
,富邦金,1.3,,
,國泰金,2.03,,
,開發金,0.86,,
,玉山金,1.12,,
,元大金,1.2,,
,兆豐金,1.18,,
,台新金,0.71,,
,中信金,1.25,,
,第一金,1.07,,
,統一超,8.58,,
,大立光,4.17,,
,聯詠,2.54,,
,欣興,1.26,,
,台灣大,6.74,,
,遠傳,2.83,,
,中租-KY,2.26,,
,合庫金,0.99,,
,台塑化,3.83,,
,南電,1.2,,
,豐泰,1.77,,
,台泥,1.37,,
,統一,2.88,,
,台塑,2.05,,
,南亞,1.77,,
,台化,1.9,,
,亞德客-KY,4.93,,
,中鋼,1.54,,
,和泰車,3.89,,
,聯電,0.95,,
,台達電,2.75,,
,鴻海,1.82,,
,國巨,0.54,,
,台積電,3.76,,
,華碩,2.01,,
,瑞昱,1.84,,
,廣達,2.7,,
,研華,3.71,,
,南亞科,9.72,,
,友達,0.51,,
,中華電,1.98,,
,聯發科,2.89,,
,長榮,0.91,,
,陽明,1.06,,
,萬海,1.1,,
,彰銀,1.16,,
,華南金,1.3,,
,富邦金,1.19,,
,國泰金,1.87,,
,開發金,0.71,,
,玉山金,1.07,,
,元大金,1.09,,
,兆豐金,1.3,,
,台新金,0.68,,
,中信金,1.26,,
,第一金,1.05,,
,統一超,8.22,,
,大立光,3.34,,
,聯詠,2.5,,
,欣興,1.15,,
,台灣大,7.06,,
,遠傳,2.97,,
,中租-KY,2.28,,
,合庫金,0.97,,
,台塑化,3.78,,
,南電,1.01,,
,豐泰,1.74,,
,台泥,1.33,,
,統一,2.84,,
,台塑,1.93,,
,南亞,1.54,,
,台化,1.77,,
,亞德客-KY,4.88,,
,中鋼,1.48,,
,和泰車,4.09,,
,聯電,0.81,,
,台達電,2.64,,
,鴻海,1.72,,
,國巨,0.58,,
,台積電,3.68,,
,華碩,2.04,,
,瑞昱,1.72,,
,廣達,2.74,,
,研華,3.81,,
,南亞科,9.69,,
,友達,0.48,,
,中華電,1.95,,
,聯發科,3.02,,
,長榮,0.78,,
,陽明,1.05,,
,萬海,1.06,,
,彰銀,1.11,,
,華南金,1.32,,
,富邦金,1.16,,
,國泰金,1.77,,
,開發金,0.92,,
,玉山金,1.03,,
,元大金,1.03,,
,兆豐金,1.17,,
,台新金,0.68,,
,中信金,1.12,,
,第一金,1.05,,
,統一超,8.24,,
,大立光,4.06,,
,聯詠,2.5,,
,欣興,1.11,,
,台灣大,7.08,,
,遠傳,3.11,,
,中租-KY,2.46,,
,合庫金,0.95,,
,台塑化,3.39,,
,南電,0.9,,
,豐泰,1.74,,
,台泥,1.32,,
,統一,2.82,,
,台塑,1.92,,
,南亞,1.57,,
,台化,1.73,,
,亞德客-KY,4.65,,
,中鋼,1.46,,
,和泰車,3.62,,
,聯電,0.79,,
,台達電,2.72,,
,鴻海,1.64,,
,國巨,0.57,,
,台積電,3.19,,
,華碩,1.71,,
,瑞昱,1.51,,
,廣達,2.51,,
,研華,3.24,,
,南亞科,3,,
,友達,0.56,,
,中華電,1.93,,
,聯發科,2.66,,
,長榮,0.98,,
,陽明,1.58,,
,萬海,1.14,,
,彰銀,1.07,,
,華南金,1.04,,
,富邦金,1.1,,
,國泰金,1.28,,
,開發金,0.82,,
,玉山金,1.03,,
,元大金,0.9,,
,兆豐金,1.17,,
,台新金,0.66,,
,中信金,1.09,,
,第一金,1.02,,
,統一超,7.31,,
,大立光,4.01,,
,聯詠,2.39,,
,欣興,1.14,,
,台灣大,6.45,,
,遠傳,2.83,,
,中租-KY,2.05,,
,合庫金,0.92,,
,台塑化,3.33,,
,南電,0.92,,
,豐泰,1.72,,
,台泥,1.3,,
,統一,2.99,,
,台塑,2,,
,南亞,1.72,,
,台化,1.75,,
,亞德客-KY,4.16,,
,中鋼,1.41,,
,和泰車,3.76,,
,聯電,0.77,,
,台達電,3.04,,
,鴻海,1.56,,
,國巨,0.53,,
,台積電,3.18,,
,華碩,1.76,,
,瑞昱,1.45,,
,廣達,2.48,,
,研華,3.52,,
,南亞科,2.27,,
,友達,0.43,,
,中華電,1.85,,
,聯發科,2.49,,
,長榮,1,,
,陽明,1.45,,
,萬海,1.16,,
,彰銀,1.11,,
,華南金,1.07,,
,富邦金,1.16,,
,國泰金,1.3,,
,開發金,0.82,,
,玉山金,1.11,,
,元大金,0.93,,
,兆豐金,1.3,,
,台新金,0.7,,
,中信金,1.15,,
,第一金,1.07,,
,統一超,7.25,,
,大立光,3.99,,
,聯詠,2.29,,
,欣興,1.14,,
,台灣大,6.48,,
,遠傳,3.31,,
,中租-KY,2.4,,
,合庫金,0.95,,
,台塑化,3.58,,
,南電,0.84,,
,豐泰,1.78,,
,台泥,1.22,,
,統一,3.04,,
,台塑,1.94,,
,南亞,1.65,,
,台化,1.7,,
,亞德客-KY,4,,
,中鋼,1.36,,
,和泰車,4.05,,
,聯電,0.74,,
,台達電,3.06,,
,鴻海,1.73,,
,國巨,0.56,,
,台積電,3.27,,
,華碩,1.89,,
,瑞昱,1.59,,
,廣達,2.44,,
,研華,3.45,,
,南亞科,2.41,,
,友達,0.42,,
,中華電,1.86,,
,聯發科,3.67,,
,長榮,0.97,,
,陽明,1.41,,
,萬海,1.19,,
,彰銀,1.13,,
,華南金,1.07,,
,富邦金,1.15,,
,國泰金,1.31,,
,開發金,0.83,,
,玉山金,1.19,,
,元大金,0.92,,
,兆豐金,1.22,,
,台新金,0.72,,
,中信金,1.14,,
,第一金,1.08,,
,統一超,7.36,,
,大立光,4.04,,
,聯詠,2.53,,
,欣興,1.15,,
,台灣大,7.26,,
,遠傳,3.23,,
,中租-KY,2.38,,
,合庫金,1.06,,
,台塑化,3.51,,
,南電,0.88,,
,豐泰,1.77,,
,台泥,1.36,,
,統一,3.3,,
,台塑,2.02,,
,南亞,1.73,,
,台化,1.73,,
,亞德客-KY,4.02,,
,中鋼,1.42,,
,和泰車,3.92,,
,聯電,0.75,,
,台達電,3.41,,
,鴻海,1.87,,
,國巨,0.58,,
,台積電,3.52,,
,華碩,2.01,,
,瑞昱,1.64,,
,廣達,2.46,,
,研華,3.55,,
,南亞科,2.56,,
,友達,0.49,,
,中華電,1.93,,
,聯發科,3.55,,
,長榮,0.94,,
,陽明,1.44,,
,萬海,1.28,,
,彰銀,1.16,,
,華南金,1.09,,
,富邦金,1.24,,
,國泰金,1.45,,
,開發金,0.85,,
,玉山金,1.18,,
,元大金,1.02,,
,兆豐金,1.23,,
,台新金,0.71,,
,中信金,1.23,,
,第一金,1.13,,
,統一超,7.25,,
,大立光,3.94,,
,聯詠,2.77,,
,欣興,1.18,,
,台灣大,7,,
,遠傳,3.17,,
,中租-KY,2.61,,
,合庫金,1.05,,
,台塑化,3.62,,
,南電,0.88,,
,豐泰,1.97,,
,台泥,1.49,,
,統一,3.34,,
,台塑,2.27,,
,南亞,1.66,,
,台化,1.81,,
,亞德客-KY,4.08,,
,中鋼,1.39,,
,和泰車,4.21,,
,聯電,0.68,,
,台達電,3.14,,
,鴻海,1.79,,
,國巨,0.55,,
,台積電,3.66,,
,華碩,2.05,,
,瑞昱,1.59,,
,廣達,2.29,,
,研華,3.72,,
,南亞科,4.53,,
,友達,0.55,,
,中華電,2.04,,
,聯發科,3.92,,
,長榮,0.9,,
,陽明,1.13,,
,萬海,1.07,,
,彰銀,1.06,,
,華南金,1.03,,
,富邦金,1.18,,
,國泰金,1.47,,
,開發金,0.65,,
,玉山金,1.07,,
,元大金,0.88,,
,兆豐金,1.18,,
,台新金,0.66,,
,中信金,1.05,,
,第一金,1.03,,
,統一超,7.86,,
,大立光,4.38,,
,聯詠,3.11,,
,欣興,1.04,,
,台灣大,8.25,,
,遠傳,3.26,,
,中租-KY,2.96,,
,合庫金,0.99,,
,台塑化,4.16,,
,南電,0.65,,
,豐泰,2.13,,
,台泥,1.51,,
,統一,3.36,,
,台塑,2.18,,
,南亞,1.65,,
,台化,1.8,,
,亞德客-KY,4.58,,
,中鋼,1.48,,
,和泰車,4.35,,
,聯電,0.71,,
,台達電,3.27,,
,鴻海,1.89,,
,國巨,0.58,,
,台積電,4.08,,
,華碩,2.1,,
,瑞昱,1.7,,
,廣達,2.5,,
,研華,4,,
,南亞科,4.21,,
,友達,0.61,,
,中華電,2.1,,
,聯發科,3.99,,
,長榮,1.03,,
,陽明,1.22,,
,萬海,1.22,,
,彰銀,1.14,,
,華南金,1.11,,
,富邦金,1.3,,
,國泰金,1.55,,
,開發金,0.7,,
,玉山金,1.17,,
,元大金,0.98,,
,兆豐金,1.27,,
,台新金,0.69,,
,中信金,1.1,,
,第一金,1.1,,
,統一超,8.1,,
,大立光,5.59,,
,聯詠,3.31,,
,欣興,1.1,,
,台灣大,8.45,,
,遠傳,3.52,,
,中租-KY,3.37,,
,合庫金,1.04,,
,台塑化,4.32,,
,南電,0.67,,
,豐泰,2.15,,
,台泥,1.49,,
,統一,3.31,,
,台塑,2.15,,
,南亞,1.78,,
,台化,1.9,,
,亞德客-KY,4.76,,
,中鋼,1.51,,
,和泰車,4.41,,
,聯電,0.74,,
,台達電,3.2,,
,鴻海,1.74,,
,國巨,0.6,,
,台積電,3.73,,
,華碩,2.07,,
,瑞昱,1.73,,
,廣達,2.23,,
,研華,4.14,,
,南亞科,21.6,,
,友達,0.71,,
,中華電,2.05,,
,聯發科,2.53,,
,長榮,1.01,,
,陽明,1.28,,
,萬海,1.23,,
,彰銀,1.12,,
,華南金,1.1,,
,富邦金,1.13,,
,國泰金,1.41,,
,開發金,0.73,,
,玉山金,1.15,,
,元大金,0.98,,
,兆豐金,1.22,,
,台新金,0.81,,
,中信金,1.09,,
,第一金,1.08,,
,統一超,7.59,,
,大立光,5.16,,
,聯詠,3.14,,
,欣興,1.05,,
,台灣大,7.92,,
,遠傳,3.42,,
,中租-KY,3.53,,
,合庫金,0.91,,
,台塑化,4.03,,
,南電,0.71,,
,豐泰,2.16,,
,台泥,1.53,,
,統一,3.22,,
,台塑,2.2,,
,南亞,1.91,,
,台化,2.03,,
,亞德客-KY,4.89,,
,中鋼,1.53,,
,和泰車,4.46,,
,聯電,0.72,,
,台達電,3.21,,
,鴻海,1.65,,
,國巨,0.56,,
,台積電,3.9,,
,華碩,2.14,,
,瑞昱,1.86,,
,廣達,2.25,,
,研華,4.18,,
,南亞科,30.39,,
,友達,0.66,,
,中華電,2.04,,
,聯發科,2.52,,
,長榮,1.08,,
,陽明,1.32,,
,萬海,1.18,,
,彰銀,1.14,,
,華南金,1.12,,
,富邦金,1.21,,
,國泰金,1.47,,
,開發金,0.83,,
,玉山金,1.2,,
,元大金,1.05,,
,兆豐金,1.31,,
,台新金,0.82,,
,中信金,1.07,,
,第一金,1.09,,
,統一超,7.79,,
,大立光,5.13,,
,聯詠,3.14,,
,欣興,1.01,,
,台灣大,7.77,,
,遠傳,3.47,,
,中租-KY,4.19,,
,合庫金,0.92,,
,台塑化,3.99,,
,南電,0.73,,
,豐泰,2.22,,
,台泥,1.46,,
,統一,3.45,,
,台塑,2.05,,
,南亞,1.81,,
,台化,1.91,,
,亞德客-KY,4.9,,
,中鋼,1.5,,
,和泰車,4.28,,
,聯電,0.7,,
,台達電,3.32,,
,鴻海,1.6,,
,國巨,0.59,,
,台積電,4.02,,
,華碩,2.28,,
,瑞昱,1.99,,
,廣達,2.07,,
,研華,4.47,,
,南亞科,31.61,,
,友達,0.7,,
,中華電,2,,
,聯發科,2.6,,
,長榮,1.11,,
,陽明,1.3,,
,萬海,1.18,,
,彰銀,1.22,,
,華南金,1.14,,
,富邦金,1.29,,
,國泰金,1.69,,
,開發金,0.89,,
,玉山金,1.26,,
,元大金,1.01,,
,兆豐金,1.32,,
,台新金,0.85,,
,中信金,1.23,,
,第一金,1.15,,
,統一超,8.01,,
,大立光,5.31,,
,聯詠,3.32,,
,欣興,0.96,,
,台灣大,7.66,,
,遠傳,3.17,,
,中租-KY,4.42,,
,合庫金,0.95,,
,台塑化,3.87,,
,南電,0.67,,
,豐泰,2.39,,
,台泥,1.44,,
,統一,3.52,,
,台塑,1.97,,
,南亞,1.71,,
,台化,1.74,,
,亞德客-KY,4.34,,
,中鋼,1.44,,
,和泰車,4.72,,
,聯電,0.7,,
,台達電,3.83,,
,鴻海,1.63,,
,國巨,0.63,,
,台積電,3.86,,
,華碩,2.27,,
,瑞昱,1.96,,
,廣達,2.17,,
,研華,4.15,,
,南亞科,42.59,,
,友達,0.72,,
,中華電,2.01,,
,聯發科,2.67,,
,長榮,1.04,,
,陽明,1.28,,
,萬海,1.17,,
,彰銀,1.25,,
,華南金,1.14,,
,富邦金,1.38,,
,國泰金,1.84,,
,開發金,0.87,,
,玉山金,1.27,,
,元大金,0.99,,
,兆豐金,1.31,,
,台新金,0.88,,
,中信金,1.25,,
,第一金,1.14,,
,統一超,8.1,,
,大立光,5.19,,
,聯詠,3.47,,
,欣興,1.06,,
,台灣大,7.51,,
,遠傳,3.18,,
,中租-KY,4.4,,
,合庫金,0.95,,
,台塑化,3.64,,
,南電,0.65,,
,豐泰,2.86,,
,台泥,1.51,,
,統一,3.61,,
,台塑,1.96,,
,南亞,1.87,,
,台化,1.75,,
,亞德客-KY,4.44,,
,中鋼,1.43,,
,和泰車,4.99,,
,聯電,0.69,,
,台達電,4.26,,
,鴻海,1.49,,
,國巨,0.61,,
,台積電,4.21,,
,華碩,2.18,,
,瑞昱,2.39,,
,廣達,1.99,,
,研華,4.78,,
,南亞科,72.09,,
,友達,0.74,,
,中華電,2.04,,
,聯發科,2.81,,
,長榮,1.01,,
,陽明,1.22,,
,萬海,1.21,,
,彰銀,1.18,,
,華南金,1.13,,
,富邦金,1.36,,
,國泰金,1.78,,
,開發金,0.83,,
,玉山金,1.26,,
,元大金,0.98,,
,兆豐金,1.23,,
,台新金,0.9,,
,中信金,1.26,,
,第一金,1.1,,
,統一超,8.88,,
,大立光,5.35,,
,聯詠,3.86,,
,欣興,1.06,,
,台灣大,7.96,,
,遠傳,3.32,,
,中租-KY,4.71,,
,合庫金,0.95,,
,台塑化,3.76,,
,南電,0.67,,
,豐泰,3.01,,
,台泥,1.52,,
,統一,3.68,,
,台塑,1.9,,
,南亞,1.95,,
,台化,1.79,,
,亞德客-KY,4.54,,
,中鋼,1.4,,
,和泰車,6.58,,
,聯電,0.81,,
,台達電,4.33,,
,鴻海,1.5,,
,國巨,0.67,,
,台積電,4.21,,
,華碩,2.09,,
,瑞昱,2.14,,
,廣達,2.12,,
,研華,4.99,,
,南亞科,67.1,,
,友達,0.82,,
,中華電,2.07,,
,聯發科,2.9,,
,長榮,0.98,,
,陽明,1.18,,
,萬海,1.2,,
,彰銀,1.19,,
,華南金,1.15,,
,富邦金,1.28,,
,國泰金,1.75,,
,開發金,0.89,,
,玉山金,1.31,,
,元大金,1.08,,
,兆豐金,1.3,,
,台新金,0.91,,
,中信金,1.34,,
,第一金,1.1,,
,統一超,9.03,,
,大立光,6.45,,
,聯詠,4.09,,
,欣興,1.11,,
,台灣大,8.1,,
,遠傳,3.3,,
,中租-KY,4.8,,
,合庫金,0.97,,
,台塑化,3.66,,
,南電,0.84,,
,豐泰,3.05,,
,台泥,1.26,,
,統一,3.4,,
,台塑,1.89,,
,南亞,1.98,,
,台化,1.76,,
,亞德客-KY,3.87,,
,中鋼,1.33,,
,和泰車,5.45,,
,聯電,0.87,,
,台達電,3.72,,
,鴻海,1.29,,
,國巨,0.66,,
,台積電,3.76,,
,華碩,1.44,,
,瑞昱,1.89,,
,廣達,1.99,,
,研華,4.28,,
,南亞科,60.03,,
,友達,0.72,,
,中華電,2.13,,
,聯發科,2.58,,
,長榮,1,,
,陽明,1.09,,
,萬海,1.12,,
,彰銀,1.12,,
,華南金,1.09,,
,富邦金,1.28,,
,國泰金,1.36,,
,開發金,0.8,,
,玉山金,1.18,,
,元大金,0.98,,
,兆豐金,1.2,,
,台新金,0.87,,
,中信金,1.43,,
,第一金,1.06,,
,統一超,8.87,,
,大立光,5.17,,
,聯詠,3.64,,
,欣興,0.96,,
,台灣大,6.7,,
,遠傳,3.45,,
,中租-KY,2.54,,
,合庫金,0.94,,
,台塑化,3.31,,
,南電,0.77,,
,豐泰,2.91,,
,台泥,1.25,,
,統一,3.56,,
,台塑,2.04,,
,南亞,1.98,,
,台化,1.84,,
,亞德客-KY,4.6,,
,中鋼,1.36,,
,和泰車,5.6,,
,聯電,0.81,,
,台達電,3.97,,
,鴻海,1.36,,
,國巨,0.65,,
,台積電,3.47,,
,華碩,1.47,,
,瑞昱,1.91,,
,廣達,2.14,,
,研華,4.34,,
,南亞科,39.44,,
,友達,0.7,,
,中華電,2,,
,聯發科,2.66,,
,長榮,1.03,,
,陽明,1.12,,
,萬海,1.16,,
,彰銀,1.16,,
,華南金,1.14,,
,富邦金,1.41,,
,國泰金,1.5,,
,開發金,0.8,,
,玉山金,1.29,,
,元大金,0.98,,
,兆豐金,1.32,,
,台新金,0.92,,
,中信金,1.53,,
,第一金,1.11,,
,統一超,10.09,,
,大立光,5.6,,
,聯詠,3.32,,
,欣興,0.92,,
,台灣大,6.16,,
,遠傳,3.28,,
,中租-KY,2.58,,
,合庫金,0.97,,
,台塑化,3.38,,
,南電,0.74,,
,豐泰,3.65,,
,台泥,1.35,,
,統一,3.36,,
,台塑,2.02,,
,南亞,1.86,,
,台化,1.91,,
,亞德客-KY,5.34,,
,中鋼,1.39,,
,和泰車,5,,
,聯電,0.74,,
,台達電,3.7,,
,鴻海,1.42,,
,國巨,0.64,,
,台積電,3.4,,
,華碩,1.34,,
,瑞昱,1.79,,
,廣達,1.93,,
,研華,4.55,,
,南亞科,36.16,,
,友達,0.78,,
,中華電,1.97,,
,聯發科,2.71,,
,長榮,1.03,,
,陽明,1.15,,
,萬海,1.17,,
,彰銀,1.17,,
,華南金,1.11,,
,富邦金,1.37,,
,國泰金,1.46,,
,開發金,0.78,,
,玉山金,1.34,,
,元大金,0.94,,
,兆豐金,1.2,,
,台新金,0.92,,
,中信金,1.56,,
,第一金,1.1,,
,統一超,9.44,,
,大立光,5.63,,
,聯詠,3.12,,
,欣興,0.81,,
,台灣大,6.1,,
,遠傳,3.25,,
,中租-KY,2.41,,
,合庫金,0.96,,
,台塑化,3.29,,
,南電,0.65,,
,豐泰,3.78,,
,台泥,1.46,,
,統一,3.4,,
,台塑,2.06,,
,南亞,1.97,,
,台化,1.93,,
,亞德客-KY,5.62,,
,中鋼,1.42,,
,和泰車,5.43,,
,聯電,0.77,,
,台達電,3.92,,
,鴻海,1.47,,
,國巨,0.48,,
,台積電,3.4,,
,華碩,1.32,,
,瑞昱,1.95,,
,廣達,1.96,,
,研華,4.96,,
,南亞科,46.1,,
,友達,0.73,,
,中華電,1.97,,
,聯發科,2.7,,
,長榮,1.07,,
,陽明,1.19,,
,萬海,1.23,,
,彰銀,1.25,,
,華南金,1.15,,
,富邦金,1.37,,
,國泰金,1.45,,
,開發金,0.8,,
,玉山金,1.36,,
,元大金,0.95,,
,兆豐金,1.27,,
,台新金,0.98,,
,中信金,1.6,,
,第一金,1.12,,
,統一超,9.64,,
,大立光,5.36,,
,聯詠,3.07,,
,欣興,0.84,,
,台灣大,5.93,,
,遠傳,3.16,,
,中租-KY,2.74,,
,合庫金,0.98,,
,台塑化,3.36,,
,南電,0.75,,
,豐泰,4.27,,
,台泥,1.55,,
,統一,3.6,,
,台塑,2.03,,
,南亞,2.04,,
,台化,1.97,,
,亞德客-KY,6.07,,
,中鋼,1.41,,
,和泰車,6.56,,
,聯電,0.77,,
,台達電,4.58,,
,鴻海,1.42,,
,國巨,0.44,,
,台積電,3.81,,
,華碩,1.33,,
,瑞昱,1.91,,
,廣達,2.37,,
,研華,6.34,,
,南亞科,25.33,,
,友達,0.58,,
,中華電,2.15,,
,聯發科,3.04,,
,長榮,1.06,,
,陽明,1.23,,
,萬海,1.2,,
,彰銀,1.26,,
,華南金,1.21,,
,富邦金,1.55,,
,國泰金,2.23,,
,開發金,0.85,,
,玉山金,1.39,,
,元大金,1.02,,
,兆豐金,1.51,,
,台新金,1.07,,
,中信金,1.58,,
,第一金,1.16,,
,統一超,10.98,,
,大立光,5.44,,
,聯詠,3.2,,
,欣興,0.79,,
,台灣大,6.94,,
,遠傳,3.25,,
,中租-KY,2.85,,
,合庫金,1,,
,台塑化,3.32,,
,南電,0.76,,
,豐泰,4.95,,
,台泥,1.7,,
,統一,3.4,,
,台塑,1.98,,
,南亞,1.98,,
,台化,1.93,,
,亞德客-KY,6.73,,
,中鋼,1.4,,
,和泰車,6.45,,
,聯電,0.76,,
,台達電,4.75,,
,鴻海,1.48,,
,國巨,0.45,,
,台積電,3.65,,
,華碩,1.52,,
,瑞昱,2,,
,廣達,2.24,,
,研華,6.16,,
,南亞科,25.27,,
,友達,0.55,,
,中華電,2.11,,
,聯發科,3.3,,
,長榮,1.08,,
,陽明,1.23,,
,萬海,1.17,,
,彰銀,1.3,,
,華南金,1.2,,
,富邦金,1.53,,
,國泰金,2.34,,
,開發金,0.83,,
,玉山金,1.4,,
,元大金,1.02,,
,兆豐金,1.48,,
,台新金,1.05,,
,中信金,1.54,,
,第一金,1.15,,
,統一超,10.78,,
,大立光,5.73,,
,聯詠,3.29,,
,欣興,0.75,,
,台灣大,6.69,,
,遠傳,3.05,,
,中租-KY,3.14,,
,合庫金,0.99,,
,台塑化,3.38,,
,南電,0.7,,
,豐泰,4.87,,
,台泥,1.6,,
,統一,3.33,,
,台塑,2.04,,
,南亞,2.03,,
,台化,1.91,,
,亞德客-KY,6.44,,
,中鋼,1.46,,
,和泰車,6.46,,
,聯電,0.76,,
,台達電,4.85,,
,鴻海,1.47,,
,國巨,0.58,,
,台積電,3.4,,
,華碩,1.56,,
,瑞昱,2.17,,
,廣達,2.27,,
,研華,6.59,,
,南亞科,16.46,,
,友達,0.56,,
,中華電,2.06,,
,聯發科,3.23,,
,長榮,1.13,,
,陽明,1.26,,
,萬海,1.16,,
,彰銀,1.29,,
,華南金,1.19,,
,富邦金,1.48,,
,國泰金,2.28,,
,開發金,0.86,,
,玉山金,1.36,,
,元大金,1.13,,
,兆豐金,1.45,,
,台新金,1.02,,
,中信金,1.59,,
,第一金,1.16,,
,統一超,9.59,,
,大立光,6.04,,
,聯詠,3.17,,
,欣興,0.77,,
,台灣大,6.11,,
,遠傳,3.04,,
,中租-KY,2.94,,
,合庫金,0.97,,
,矽力*-KY,9.94,,
,台塑化,3.34,,
,南電,0.71,,
,豐泰,4.34,,
,台泥,1.53,,
,統一,3.1,,
,台塑,1.98,,
,南亞,1.95,,
,台化,1.81,,
,亞德客-KY,7.32,,
,中鋼,1.41,,
,和泰車,6.45,,
,聯電,0.76,,
,台達電,4.75,,
,鴻海,1.56,,
,國巨,0.98,,
,台積電,3.39,,
,華碩,1.64,,
,瑞昱,2.25,,
,廣達,2.46,,
,研華,6.04,,
,南亞科,20.53,,
,友達,0.53,,
,中華電,2.03,,
,聯發科,2.92,,
,長榮,1.1,,
,陽明,1.18,,
,萬海,1.11,,
,彰銀,1.26,,
,華南金,1.17,,
,富邦金,1.45,,
,國泰金,2.15,,
,開發金,0.84,,
,玉山金,1.35,,
,元大金,1.07,,
,兆豐金,1.41,,
,台新金,1,,
,中信金,1.57,,
,第一金,1.14,,
,統一超,9.45,,
,大立光,5.79,,
,聯詠,3.16,,
,欣興,0.79,,
,台灣大,5.64,,
,遠傳,2.77,,
,中租-KY,2.8,,
,合庫金,0.97,,
,矽力*-KY,9.34,,
,台塑化,3.11,,
,南電,0.69,,
,豐泰,4.16,,
,台泥,1.67,,
,統一,3.14,,
,台塑,1.95,,
,南亞,1.92,,
,台化,1.76,,
,亞德客-KY,8.27,,
,中鋼,1.39,,
,和泰車,6.53,,
,聯電,0.75,,
,台達電,4.8,,
,鴻海,1.54,,
,國巨,1.13,,
,台積電,3.48,,
,華碩,1.7,,
,瑞昱,2.44,,
,廣達,2.44,,
,研華,6.13,,
,南亞科,19.54,,
,友達,0.61,,
,中華電,2.03,,
,聯發科,3.78,,
,長榮,1.11,,
,陽明,1.17,,
,萬海,1.06,,
,彰銀,1.25,,
,華南金,1.19,,
,富邦金,1.44,,
,國泰金,2.11,,
,開發金,0.84,,
,玉山金,1.37,,
,元大金,1.01,,
,兆豐金,1.4,,
,台新金,1.06,,
,中信金,1.53,,
,第一金,1.13,,
,統一超,8.73,,
,大立光,6.69,,
,聯詠,3.61,,
,欣興,0.73,,
,台灣大,5.78,,
,遠傳,2.85,,
,中租-KY,2.79,,
,合庫金,0.97,,
,矽力*-KY,10.07,,
,台塑化,3.18,,
,南電,0.7,,
,豐泰,4.62,,
,台泥,1.63,,
,統一,3.29,,
,台塑,1.93,,
,南亞,1.9,,
,台化,1.68,,
,亞德客-KY,8.4,,
,中鋼,1.39,,
,和泰車,6.46,,
,聯電,0.79,,
,台達電,5.36,,
,鴻海,1.58,,
,國巨,1.09,,
,台積電,3.82,,
,華碩,1.76,,
,瑞昱,2.49,,
,廣達,2.68,,
,研華,6.33,,
,南亞科,16.63,,
,友達,0.64,,
,中華電,2.07,,
,聯發科,3.82,,
,長榮,1.1,,
,陽明,1.15,,
,萬海,1.1,,
,彰銀,1.27,,
,華南金,1.18,,
,富邦金,1.4,,
,國泰金,2.1,,
,開發金,0.83,,
,玉山金,1.32,,
,元大金,0.97,,
,兆豐金,1.36,,
,台新金,1.02,,
,中信金,1.49,,
,第一金,1.14,,
,統一超,9.98,,
,大立光,7.16,,
,聯詠,3.63,,
,欣興,0.83,,
,台灣大,6.06,,
,遠傳,3,,
,中租-KY,2.74,,
,合庫金,0.97,,
,矽力*-KY,13.22,,
,台塑化,3.17,,
,南電,0.7,,
,豐泰,5.41,,
,台泥,1.66,,
,統一,3.17,,
,台塑,1.97,,
,南亞,1.95,,
,台化,1.66,,
,亞德客-KY,8.64,,
,中鋼,1.37,,
,和泰車,6.21,,
,聯電,0.8,,
,台達電,5.27,,
,鴻海,1.59,,
,國巨,1.12,,
,台積電,3.82,,
,華碩,1.82,,
,瑞昱,2.33,,
,廣達,2.71,,
,研華,6.25,,
,南亞科,20.32,,
,友達,0.67,,
,中華電,2.08,,
,聯發科,4.01,,
,長榮,1.06,,
,陽明,1.11,,
,萬海,1.13,,
,彰銀,1.23,,
,華南金,1.16,,
,富邦金,1.32,,
,國泰金,2.01,,
,開發金,0.82,,
,玉山金,1.47,,
,元大金,0.95,,
,兆豐金,1.34,,
,台新金,1.02,,
,中信金,1.4,,
,第一金,1.11,,
,統一超,10.42,,
,大立光,9.37,,
,聯詠,3.63,,
,欣興,0.87,,
,台灣大,6.18,,
,遠傳,3.03,,
,中租-KY,2.69,,
,合庫金,0.95,,
,矽力*-KY,10.86,,
,台塑化,3.1,,
,南電,0.82,,
,豐泰,5.07,,
,台泥,1.54,,
,統一,3.26,,
,台塑,1.94,,
,南亞,1.99,,
,台化,1.64,,
,亞德客-KY,8.68,,
,中鋼,1.33,,
,和泰車,6.14,,
,聯電,0.86,,
,台達電,5.56,,
,鴻海,1.7,,
,國巨,1.38,,
,台積電,3.85,,
,華碩,1.93,,
,瑞昱,2.5,,
,廣達,2.64,,
,研華,7.11,,
,南亞科,34.03,,
,友達,0.68,,
,中華電,2.12,,
,聯發科,4.13,,
,長榮,1.06,,
,陽明,1.14,,
,萬海,1.1,,
,彰銀,1.28,,
,華南金,1.25,,
,富邦金,1.46,,
,國泰金,2.17,,
,開發金,0.87,,
,玉山金,1.59,,
,元大金,0.99,,
,兆豐金,1.45,,
,台新金,1.1,,
,中信金,1.49,,
,第一金,1.17,,
,統一超,11.51,,
,大立光,9.74,,
,聯詠,3.99,,
,欣興,0.94,,
,台灣大,6.28,,
,遠傳,3.16,,
,中租-KY,2.82,,
,合庫金,0.97,,
,矽力*-KY,11.98,,
,台塑化,2.99,,
,南電,0.92,,
,豐泰,5.18,,
,台泥,1.43,,
,統一,3.06,,
,台塑,1.92,,
,南亞,1.96,,
,台化,1.65,,
,亞德客-KY,5.92,,
,中鋼,1.32,,
,和泰車,5.9,,
,聯電,0.89,,
,台達電,5.38,,
,鴻海,1.66,,
,國巨,1.21,,
,台積電,3.65,,
,華碩,1.73,,
,瑞昱,2.31,,
,廣達,2.6,,
,研華,7,,
,南亞科,11.53,,
,友達,0.74,,
,中華電,2.02,,
,聯發科,3.47,,
,長榮,1,,
,陽明,1.09,,
,萬海,1.06,,
,彰銀,1.24,,
,華南金,1.22,,
,富邦金,1.27,,
,國泰金,1.43,,
,開發金,0.89,,
,玉山金,1.39,,
,元大金,0.98,,
,兆豐金,1.23,,
,台新金,1.05,,
,中信金,1.44,,
,第一金,1.14,,
,統一超,9.31,,
,大立光,9.54,,
,聯詠,3.45,,
,欣興,0.98,,
,台灣大,5.15,,
,遠傳,2.89,,
,中租-KY,2.48,,
,合庫金,0.97,,
,矽力*-KY,6.2,,
,台塑化,2.99,,
,南電,1,,
,豐泰,4.45,,
,台泥,1.41,,
,統一,3.28,,
,台塑,1.86,,
,南亞,1.91,,
,台化,1.6,,
,亞德客-KY,5.25,,
,中鋼,1.36,,
,和泰車,6.05,,
,聯電,0.84,,
,台達電,5.1,,
,鴻海,1.72,,
,國巨,1.16,,
,台積電,3.49,,
,華碩,1.66,,
,瑞昱,2.34,,
,廣達,2.53,,
,研華,6.47,,
,南亞科,11.98,,
,友達,0.8,,
,中華電,1.92,,
,聯發科,3.23,,
,長榮,1.07,,
,陽明,1.14,,
,萬海,1.1,,
,彰銀,1.32,,
,華南金,1.26,,
,富邦金,1.4,,
,國泰金,1.62,,
,開發金,0.9,,
,玉山金,1.46,,
,元大金,1.02,,
,兆豐金,1.31,,
,台新金,1.1,,
,中信金,1.53,,
,第一金,1.22,,
,統一超,9.33,,
,大立光,9.34,,
,聯詠,3.61,,
,欣興,0.86,,
,台灣大,5.13,,
,遠傳,2.65,,
,中租-KY,2.88,,
,合庫金,1.01,,
,矽力*-KY,6.73,,
,台塑化,2.95,,
,南電,0.88,,
,豐泰,4.54,,
,台泥,1.5,,
,統一,3.31,,
,台塑,1.86,,
,南亞,1.92,,
,台化,1.62,,
,亞德客-KY,5.67,,
,中鋼,1.38,,
,和泰車,6.51,,
,聯電,0.81,,
,台達電,5.2,,
,鴻海,1.91,,
,國巨,1.43,,
,台積電,3.58,,
,華碩,1.62,,
,瑞昱,2.67,,
,廣達,2.53,,
,研華,7.71,,
,南亞科,12.13,,
,友達,0.87,,
,中華電,1.95,,
,聯發科,3.44,,
,長榮,1.12,,
,陽明,1.22,,
,萬海,1.36,,
,彰銀,1.27,,
,華南金,1.25,,
,富邦金,1.43,,
,國泰金,1.64,,
,開發金,0.91,,
,玉山金,1.56,,
,元大金,1.01,,
,兆豐金,1.28,,
,台新金,1.14,,
,中信金,1.58,,
,第一金,1.18,,
,統一超,8.82,,
,大立光,9.92,,
,聯詠,3.6,,
,欣興,0.86,,
,台灣大,5.31,,
,遠傳,2.71,,
,中租-KY,2.94,,
,合庫金,0.99,,
,矽力*-KY,6.98,,
,台塑化,2.9,,
,南電,1.04,,
,豐泰,4.68,,
,台泥,1.43,,
,統一,3.2,,
,台塑,1.73,,
,南亞,1.81,,
,台化,1.53,,
,亞德客-KY,4.52,,
,中鋼,1.39,,
,和泰車,6.41,,
,聯電,0.75,,
,台達電,4.75,,
,鴻海,1.8,,
,國巨,1.26,,
,台積電,3.47,,
,華碩,1.5,,
,瑞昱,2.64,,
,廣達,2.31,,
,研華,6.5,,
,南亞科,9.05,,
,友達,0.75,,
,中華電,1.92,,
,聯發科,3.1,,
,長榮,1.1,,
,陽明,1.21,,
,萬海,1.51,,
,彰銀,1.27,,
,華南金,1.19,,
,富邦金,1.37,,
,國泰金,1.59,,
,開發金,0.86,,
,玉山金,1.46,,
,元大金,0.94,,
,兆豐金,1.24,,
,台新金,1.07,,
,中信金,1.54,,
,第一金,1.17,,
,統一超,8.49,,
,大立光,8.74,,
,聯詠,3.53,,
,欣興,0.77,,
,台灣大,5.14,,
,遠傳,2.48,,
,中租-KY,2.68,,
,合庫金,0.98,,
,矽力*-KY,6.38,,
,台塑化,2.84,,
,南電,0.91,,
,豐泰,4.63,,
,台泥,1.59,,
,統一,3.37,,
,台塑,1.6,,
,南亞,1.64,,
,台化,1.49,,
,亞德客-KY,4.36,,
,中鋼,1.43,,
,和泰車,7.87,,
,聯電,0.81,,
,台達電,5.03,,
,鴻海,1.79,,
,國巨,0.82,,
,台積電,3.86,,
,華碩,1.62,,
,瑞昱,2.68,,
,廣達,2.48,,
,研華,6.94,,
,南亞科,6.42,,
,友達,0.83,,
,中華電,2.08,,
,聯發科,3.18,,
,長榮,1.12,,
,陽明,1.27,,
,萬海,1.6,,
,彰銀,1.33,,
,華南金,1.23,,
,富邦金,1.46,,
,國泰金,1.55,,
,開發金,0.93,,
,玉山金,1.34,,
,元大金,0.95,,
,兆豐金,1.28,,
,台新金,1.05,,
,中信金,1.49,,
,第一金,1.19,,
,統一超,10.5,,
,大立光,8.6,,
,聯詠,3.97,,
,欣興,0.81,,
,台灣大,6.7,,
,遠傳,3.24,,
,中租-KY,2.79,,
,合庫金,0.98,,
,矽力*-KY,5.6,,
,台塑化,2.76,,
,南電,0.71,,
,豐泰,5.28,,
,台泥,1.56,,
,統一,3.23,,
,台塑,1.62,,
,南亞,1.69,,
,台化,1.47,,
,亞德客-KY,5.49,,
,中鋼,1.42,,
,和泰車,8.59,,
,聯電,0.83,,
,台達電,5.16,,
,鴻海,1.81,,
,國巨,0.9,,
,台積電,4.18,,
,華碩,1.77,,
,瑞昱,2.75,,
,廣達,2.5,,
,研華,6.98,,
,南亞科,7.25,,
,友達,0.84,,
,中華電,2.09,,
,聯發科,3.41,,
,長榮,1.14,,
,陽明,1.23,,
,萬海,1.95,,
,彰銀,1.27,,
,華南金,1.22,,
,富邦金,1.44,,
,國泰金,1.55,,
,開發金,0.94,,
,玉山金,1.37,,
,元大金,0.94,,
,兆豐金,1.28,,
,台新金,1.04,,
,中信金,1.47,,
,第一金,1.2,,
,統一超,11.09,,
,大立光,9.6,,
,聯詠,4.42,,
,欣興,0.79,,
,台灣大,6.68,,
,遠傳,3.22,,
,中租-KY,2.96,,
,合庫金,0.98,,
,矽力*-KY,6.42,,
,台塑化,2.71,,
,南電,0.69,,
,豐泰,6.01,,
,台泥,1.44,,
,統一,3.12,,
,台塑,1.68,,
,南亞,1.69,,
,台化,1.44,,
,亞德客-KY,5.27,,
,中鋼,1.4,,
,和泰車,7.77,,
,聯電,0.88,,
,台達電,4.82,,
,鴻海,1.51,,
,國巨,1.4,,
,台積電,3.82,,
,華碩,1.75,,
,瑞昱,2.59,,
,廣達,2.46,,
,研華,7.25,,
,南亞科,6.07,,
,友達,0.89,,
,中華電,2.05,,
,聯發科,3.14,,
,長榮,1.33,,
,陽明,1.47,,
,萬海,1.86,,
,彰銀,1.23,,
,華南金,1.18,,
,富邦金,1.4,,
,國泰金,1.49,,
,開發金,0.93,,
,玉山金,1.33,,
,元大金,0.94,,
,兆豐金,1.2,,
,台新金,0.92,,
,中信金,1.4,,
,第一金,1.16,,
,統一超,10.12,,
,大立光,8.31,,
,聯詠,4.14,,
,欣興,0.82,,
,台灣大,6.61,,
,遠傳,3.37,,
,中租-KY,2.71,,
,合庫金,0.97,,
,矽力*-KY,6.32,,
,台塑化,2.68,,
,南電,0.71,,
,豐泰,5.78,,
,台泥,1.41,,
,統一,3.14,,
,台塑,1.77,,
,南亞,1.64,,
,台化,1.46,,
,亞德客-KY,5.07,,
,中鋼,1.42,,
,和泰車,7.42,,
,聯電,0.92,,
,台達電,4.95,,
,鴻海,1.49,,
,國巨,1.56,,
,台積電,3.82,,
,華碩,1.68,,
,瑞昱,2.37,,
,廣達,2.39,,
,研華,7.36,,
,南亞科,5.73,,
,友達,0.95,,
,中華電,2.08,,
,聯發科,3.29,,
,長榮,1.33,,
,陽明,1.49,,
,萬海,2.23,,
,彰銀,1.21,,
,華南金,1.17,,
,富邦金,1.39,,
,國泰金,1.45,,
,開發金,0.96,,
,玉山金,1.31,,
,元大金,0.93,,
,兆豐金,1.19,,
,台新金,0.91,,
,中信金,1.37,,
,第一金,1.14,,
,統一超,10.06,,
,大立光,9.16,,
,聯詠,4.08,,
,欣興,0.75,,
,台灣大,6.58,,
,遠傳,3.56,,
,中租-KY,2.57,,
,合庫金,0.97,,
,矽力*-KY,5.62,,
,台塑化,2.62,,
,南電,0.76,,
,豐泰,7.13,,
,台泥,1.42,,
,統一,3.28,,
,台塑,1.8,,
,南亞,1.76,,
,台化,1.51,,
,亞德客-KY,4.98,,
,中鋼,1.39,,
,和泰車,7.81,,
,聯電,0.96,,
,台達電,5.19,,
,鴻海,1.5,,
,國巨,1.64,,
,台積電,4.08,,
,華碩,1.65,,
,瑞昱,2.4,,
,廣達,2.47,,
,研華,7.42,,
,南亞科,5.9,,
,友達,0.91,,
,中華電,2.14,,
,聯發科,3.22,,
,長榮,1.37,,
,陽明,1.54,,
,萬海,2.35,,
,彰銀,1.25,,
,華南金,1.2,,
,富邦金,1.54,,
,國泰金,1.52,,
,開發金,1.01,,
,玉山金,1.33,,
,元大金,0.97,,
,兆豐金,1.23,,
,台新金,0.95,,
,中信金,1.43,,
,第一金,1.15,,
,統一超,10.1,,
,大立光,9.3,,
,聯詠,3.93,,
,欣興,0.72,,
,台灣大,6.8,,
,遠傳,3.58,,
,中租-KY,2.63,,
,合庫金,1.12,,
,矽力*-KY,5.6,,
,台塑化,2.68,,
,南電,0.76,,
,豐泰,7.88,,
,台泥,1.46,,
,統一,3.26,,
,台塑,1.76,,
,南亞,1.8,,
,台化,1.54,,
,亞德客-KY,4.63,,
,中鋼,1.39,,
,和泰車,7.9,,
,聯電,0.93,,
,台達電,5.05,,
,鴻海,1.57,,
,國巨,1.77,,
,台積電,3.94,,
,華碩,1.59,,
,瑞昱,2.44,,
,廣達,2.35,,
,研華,7.37,,
,南亞科,5.94,,
,友達,0.87,,
,中華電,2.17,,
,聯發科,2.88,,
,長榮,1.38,,
,陽明,1.63,,
,萬海,2.59,,
,彰銀,1.22,,
,華南金,1.19,,
,富邦金,1.55,,
,國泰金,1.59,,
,開發金,1,,
,玉山金,1.3,,
,元大金,0.97,,
,兆豐金,1.28,,
,台新金,0.94,,
,中信金,1.42,,
,第一金,1.15,,
,統一超,9.75,,
,大立光,9.35,,
,聯詠,3.77,,
,欣興,0.69,,
,台灣大,6.92,,
,遠傳,3.48,,
,中租-KY,2.68,,
,合庫金,1.1,,
,矽力*-KY,5.89,,
,台塑化,2.67,,
,南電,0.88,,
,豐泰,11.34,,
,台泥,1.44,,
,統一,3.13,,
,台塑,1.83,,
,南亞,1.95,,
,台化,1.68,,
,亞德客-KY,4.63,,
,中鋼,1.37,,
,和泰車,8.68,,
,聯電,0.88,,
,台達電,4.73,,
,鴻海,1.58,,
,國巨,1.76,,
,台積電,3.99,,
,華碩,1.64,,
,瑞昱,2.34,,
,廣達,2.39,,
,研華,7.84,,
,南亞科,5.16,,
,友達,0.85,,
,中華電,2.16,,
,聯發科,2.69,,
,長榮,1.24,,
,陽明,1.49,,
,萬海,2.28,,
,彰銀,1.27,,
,華南金,1.26,,
,富邦金,1.82,,
,國泰金,1.71,,
,開發金,1.18,,
,玉山金,1.47,,
,元大金,1.09,,
,兆豐金,1.34,,
,台新金,0.99,,
,中信金,1.63,,
,第一金,1.2,,
,統一超,9.4,,
,大立光,10.69,,
,聯詠,3.74,,
,欣興,0.62,,
,台灣大,6.83,,
,遠傳,3.37,,
,中租-KY,2.89,,
,合庫金,1.15,,
,矽力*-KY,7.53,,
,台塑化,3.08,,
,南電,0.94,,
,豐泰,11.4,,
,台泥,1.38,,
,統一,3.4,,
,台塑,1.75,,
,南亞,1.88,,
,台化,1.61,,
,亞德客-KY,4.49,,
,中鋼,1.36,,
,和泰車,8.08,,
,聯電,0.83,,
,台達電,4.49,,
,鴻海,1.74,,
,國巨,1.62,,
,台積電,3.96,,
,華碩,1.52,,
,瑞昱,2.29,,
,廣達,2.42,,
,研華,7.65,,
,南亞科,5.04,,
,友達,0.93,,
,中華電,2.12,,
,聯發科,2.82,,
,長榮,1.05,,
,陽明,1.15,,
,萬海,1.96,,
,彰銀,1.21,,
,華南金,1.23,,
,富邦金,1.74,,
,國泰金,1.74,,
,開發金,1.12,,
,玉山金,1.46,,
,元大金,1.1,,
,兆豐金,1.35,,
,台新金,0.94,,
,中信金,1.59,,
,第一金,1.17,,
,統一超,9.19,,
,大立光,11.87,,
,聯詠,3.9,,
,欣興,0.57,,
,台灣大,6.83,,
,遠傳,3.36,,
,中租-KY,2.67,,
,合庫金,1.13,,
,矽力*-KY,7.65,,
,台塑化,2.93,,
,南電,0.89,,
,豐泰,9.89,,
,台泥,1.22,,
,統一,3.12,,
,台塑,1.58,,
,南亞,1.78,,
,台化,1.55,,
,亞德客-KY,3.45,,
,中鋼,1.25,,
,和泰車,6.22,,
,聯電,0.74,,
,台達電,3.65,,
,鴻海,1.55,,
,國巨,1.24,,
,台積電,3.24,,
,華碩,1.29,,
,瑞昱,1.77,,
,廣達,2.08,,
,研華,5.75,,
,南亞科,2.6,,
,友達,0.71,,
,中華電,2.03,,
,聯發科,2.62,,
,長榮,0.88,,
,陽明,0.91,,
,萬海,1.45,,
,彰銀,1.15,,
,華南金,1.12,,
,富邦金,1.43,,
,國泰金,1.49,,
,開發金,1.03,,
,玉山金,1.33,,
,元大金,0.97,,
,兆豐金,1.29,,
,台新金,0.96,,
,中信金,1.55,,
,第一金,1.11,,
,統一超,7.9,,
,大立光,9.35,,
,聯詠,3.02,,
,欣興,0.55,,
,台灣大,5.53,,
,遠傳,3.21,,
,中租-KY,2.27,,
,合庫金,0.94,,
,矽力*-KY,6.68,,
,台塑化,3.12,,
,南電,0.69,,
,豐泰,8.95,,
,台泥,1.07,,
,統一,3.17,,
,台塑,1.53,,
,南亞,1.59,,
,台化,1.56,,
,亞德客-KY,2.58,,
,中鋼,1.15,,
,和泰車,5.77,,
,聯電,0.64,,
,台達電,3.59,,
,鴻海,1.45,,
,國巨,1.16,,
,台積電,3.22,,
,華碩,1.22,,
,瑞昱,1.39,,
,廣達,1.74,,
,研華,5.78,,
,南亞科,1.72,,
,友達,0.52,,
,中華電,2.03,,
,聯發科,2.06,,
,長榮,0.85,,
,陽明,0.92,,
,萬海,1.56,,
,彰銀,1.14,,
,華南金,1.13,,
,富邦金,1.34,,
,國泰金,1.41,,
,開發金,0.92,,
,玉山金,1.35,,
,元大金,0.9,,
,兆豐金,1.26,,
,台新金,0.93,,
,中信金,1.46,,
,第一金,1.24,,
,統一超,8.35,,
,大立光,8.5,,
,聯詠,2.32,,
,欣興,0.52,,
,台灣大,5.61,,
,遠傳,3.18,,
,中租-KY,2.09,,
,合庫金,0.93,,
,矽力*-KY,6.29,,
,台塑化,2.94,,
,南電,0.55,,
,豐泰,8.82,,
,台泥,1.09,,
,統一,3.44,,
,台塑,1.56,,
,南亞,1.46,,
,台化,1.45,,
,亞德客-KY,2.76,,
,中鋼,0.99,,
,和泰車,5.1,,
,聯電,0.61,,
,台達電,3.76,,
,鴻海,1.48,,
,國巨,1.15,,
,台積電,2.98,,
,華碩,1.27,,
,瑞昱,1.31,,
,廣達,1.7,,
,研華,5.62,,
,南亞科,2.02,,
,友達,0.55,,
,中華電,2.04,,
,聯發科,1.56,,
,長榮,0.8,,
,陽明,0.88,,
,萬海,1.32,,
,彰銀,1.1,,
,華南金,1.03,,
,富邦金,1.3,,
,國泰金,1.3,,
,開發金,0.83,,
,玉山金,1.37,,
,元大金,0.8,,
,兆豐金,1.14,,
,台新金,0.85,,
,中信金,1.35,,
,第一金,1.15,,
,統一超,7.92,,
,大立光,8.01,,
,聯詠,2.21,,
,欣興,0.44,,
,台灣大,5.25,,
,遠傳,3.07,,
,中租-KY,1.66,,
,合庫金,0.85,,
,矽力*-KY,6.08,,
,台塑化,2.88,,
,南電,0.53,,
,豐泰,9.94,,
,台泥,1.04,,
,統一,3.38,,
,台塑,1.51,,
,南亞,1.37,,
,台化,1.39,,
,亞德客-KY,3.09,,
,中鋼,0.98,,
,和泰車,4.99,,
,聯電,0.61,,
,台達電,3.56,,
,鴻海,1.45,,
,國巨,1.26,,
,台積電,3,,
,華碩,1.21,,
,瑞昱,1.25,,
,廣達,1.63,,
,研華,6.11,,
,南亞科,1.84,,
,友達,0.51,,
,中華電,2.04,,
,聯發科,1.51,,
,長榮,0.77,,
,陽明,0.8,,
,萬海,1.22,,
,彰銀,1.12,,
,華南金,1.03,,
,富邦金,1.19,,
,國泰金,1.25,,
,開發金,0.78,,
,玉山金,1.36,,
,元大金,0.75,,
,兆豐金,1.06,,
,台新金,0.87,,
,中信金,1.17,,
,第一金,1.09,,
,統一超,7.46,,
,大立光,6.79,,
,聯詠,2.09,,
,欣興,0.43,,
,台灣大,5.39,,
,遠傳,3.05,,
,中租-KY,1.64,,
,合庫金,0.83,,
,矽力*-KY,6.78,,
,台塑化,3.09,,
,南電,0.55,,
,豐泰,10.53,,
,台泥,1.22,,
,統一,3.43,,
,台塑,1.71,,
,南亞,1.68,,
,台化,1.6,,
,亞德客-KY,3.13,,
,中鋼,1.05,,
,和泰車,5.93,,
,聯電,0.69,,
,台達電,4.44,,
,鴻海,1.51,,
,國巨,1.38,,
,台積電,3.32,,
,華碩,1.32,,
,瑞昱,1.74,,
,廣達,1.75,,
,研華,7.1,,
,南亞科,2.04,,
,友達,0.51,,
,中華電,2.22,,
,聯發科,1.78,,
,長榮,0.82,,
,陽明,0.84,,
,萬海,1.41,,
,彰銀,1.16,,
,華南金,1.06,,
,富邦金,1.41,,
,國泰金,1.36,,
,開發金,0.81,,
,玉山金,1.37,,
,元大金,0.78,,
,兆豐金,1.15,,
,台新金,0.94,,
,中信金,1.41,,
,第一金,1.17,,
,統一超,9.63,,
,大立光,7.02,,
,聯詠,2.66,,
,欣興,0.51,,
,台灣大,6.72,,
,遠傳,3.44,,
,中租-KY,2.08,,
,合庫金,0.9,,
,矽力*-KY,7.08,,
,台塑化,3.04,,
,南電,0.59,,
,豐泰,10.8,,
,台泥,0.99,,
,統一,3.36,,
,台塑,1.67,,
,南亞,1.53,,
,台化,1.51,,
,亞德客-KY,2.71,,
,中鋼,0.97,,
,和泰車,5.49,,
,聯電,0.69,,
,台達電,4.46,,
,鴻海,1.43,,
,國巨,1.35,,
,台積電,3.38,,
,華碩,1.22,,
,瑞昱,1.73,,
,廣達,1.61,,
,研華,6.52,,
,南亞科,2.18,,
,友達,0.46,,
,中華電,2.23,,
,聯發科,1.82,,
,長榮,0.73,,
,陽明,0.69,,
,萬海,1.1,,
,彰銀,1.09,,
,華南金,1.04,,
,富邦金,1.39,,
,國泰金,1.34,,
,開發金,0.78,,
,玉山金,1.38,,
,元大金,0.75,,
,兆豐金,1.2,,
,台新金,0.85,,
,中信金,1.35,,
,第一金,1.13,,
,統一超,9.32,,
,大立光,6.96,,
,聯詠,2.84,,
,欣興,0.53,,
,台灣大,6.46,,
,遠傳,3.36,,
,中租-KY,1.84,,
,合庫金,0.86,,
,矽力*-KY,8.21,,
,台塑化,2.97,,
,南電,0.58,,
,豐泰,10.39,,
,台泥,0.92,,
,統一,3.22,,
,台塑,1.8,,
,南亞,1.54,,
,台化,1.63,,
,亞德客-KY,2.65,,
,中鋼,0.96,,
,和泰車,5.55,,
,聯電,0.7,,
,台達電,4.23,,
,鴻海,1.3,,
,國巨,1.37,,
,台積電,3.22,,
,華碩,1.21,,
,瑞昱,1.84,,
,廣達,1.59,,
,研華,6.03,,
,南亞科,2.4,,
,友達,0.5,,
,中華電,2.14,,
,聯發科,1.66,,
,長榮,0.74,,
,陽明,0.83,,
,萬海,1.13,,
,彰銀,1.04,,
,華南金,1.01,,
,富邦金,1.3,,
,國泰金,1.33,,
,開發金,0.76,,
,玉山金,1.29,,
,元大金,0.72,,
,兆豐金,1.1,,
,台新金,0.82,,
,中信金,1.28,,
,第一金,0.95,,
,統一超,8.25,,
,大立光,5.36,,
,聯詠,2.9,,
,欣興,0.5,,
,台灣大,6.14,,
,遠傳,3.15,,
,中租-KY,1.76,,
,合庫金,0.83,,
,矽力*-KY,6.37,,
,台塑化,3.02,,
,南電,0.59,,
,豐泰,8.27,,
,台泥,0.92,,
,統一,3.23,,
,台塑,1.79,,
,南亞,1.47,,
,台化,1.57,,
,亞德客-KY,2.82,,
,中鋼,0.94,,
,和泰車,5.03,,
,聯電,0.73,,
,台達電,3.85,,
,鴻海,1.26,,
,國巨,1.36,,
,台積電,3.2,,
,華碩,1.2,,
,瑞昱,1.92,,
,廣達,1.6,,
,研華,5.79,,
,南亞科,2.14,,
,友達,0.45,,
,中華電,2.21,,
,聯發科,1.45,,
,長榮,0.69,,
,陽明,0.79,,
,萬海,1.12,,
,彰銀,1.11,,
,華南金,0.99,,
,富邦金,1.1,,
,國泰金,1.08,,
,開發金,0.75,,
,玉山金,1.19,,
,元大金,0.64,,
,兆豐金,1.12,,
,台新金,0.78,,
,中信金,1.22,,
,第一金,0.95,,
,統一超,8.83,,
,大立光,5.9,,
,聯詠,3.1,,
,欣興,0.5,,
,台灣大,6.13,,
,遠傳,3.21,,
,中租-KY,1.64,,
,合庫金,0.84,,
,矽力*-KY,8.15,,
,台塑化,3.14,,
,南電,0.58,,
,豐泰,8.69,,
,台泥,1.01,,
,統一,3.36,,
,台塑,1.85,,
,南亞,1.61,,
,台化,1.64,,
,亞德客-KY,2.98,,
,中鋼,1.1,,
,和泰車,5.03,,
,聯電,0.77,,
,台達電,3.66,,
,鴻海,1.26,,
,國巨,1.41,,
,台積電,3.36,,
,華碩,1.21,,
,瑞昱,1.96,,
,廣達,1.69,,
,研華,6.56,,
,南亞科,2.16,,
,友達,0.46,,
,中華電,2.26,,
,聯發科,1.57,,
,長榮,0.67,,
,陽明,0.84,,
,萬海,1.14,,
,彰銀,1.08,,
,華南金,1.03,,
,富邦金,1.14,,
,國泰金,1.07,,
,開發金,0.74,,
,玉山金,1.16,,
,元大金,0.63,,
,兆豐金,1.14,,
,台新金,0.79,,
,中信金,1.23,,
,第一金,0.96,,
,統一超,9.05,,
,大立光,5.98,,
,聯詠,3.11,,
,欣興,0.6,,
,台灣大,6.29,,
,遠傳,3.24,,
,中租-KY,1.72,,
,合庫金,0.86,,
,矽力*-KY,8.12,,
,台塑化,3.23,,
,南電,0.61,,
,豐泰,8.89,,
,台泥,1.06,,
,統一,3.31,,
,台塑,1.87,,
,南亞,1.71,,
,台化,1.76,,
,亞德客-KY,3.31,,
,中鋼,1.19,,
,和泰車,5.17,,
,聯電,0.76,,
,台達電,3.86,,
,鴻海,1.37,,
,國巨,1.36,,
,台積電,3.65,,
,華碩,1.28,,
,瑞昱,2.07,,
,廣達,1.69,,
,研華,6.74,,
,南亞科,2.1,,
,友達,0.5,,
,中華電,2.36,,
,聯發科,1.64,,
,長榮,0.67,,
,陽明,0.82,,
,萬海,1.15,,
,彰銀,1.1,,
,華南金,1.06,,
,富邦金,1.18,,
,國泰金,1.11,,
,開發金,0.79,,
,玉山金,1.21,,
,元大金,0.76,,
,兆豐金,1.19,,
,台新金,0.81,,
,中信金,1.29,,
,第一金,0.99,,
,統一超,9.41,,
,大立光,5.89,,
,聯詠,2.92,,
,欣興,0.56,,
,台灣大,6.41,,
,遠傳,3.36,,
,中租-KY,1.74,,
,合庫金,0.87,,
,矽力*-KY,8.23,,
,台塑化,3.54,,
,南電,0.6,,
,豐泰,8.42,,
,台泥,1.11,,
,統一,3.41,,
,台塑,1.88,,
,南亞,1.59,,
,台化,1.81,,
,亞德客-KY,3.73,,
,中鋼,1.21,,
,和泰車,4.66,,
,聯電,0.69,,
,台達電,4.08,,
,鴻海,1.24,,
,國巨,1.34,,
,台積電,3.38,,
,華碩,1.26,,
,瑞昱,2.12,,
,廣達,1.56,,
,研華,6.5,,
,南亞科,1.98,,
,友達,0.48,,
,中華電,2.35,,
,聯發科,1.53,,
,長榮,0.67,,
,陽明,0.82,,
,萬海,1.1,,
,彰銀,1.12,,
,華南金,1.04,,
,富邦金,1.13,,
,國泰金,1.04,,
,開發金,0.75,,
,玉山金,1.2,,
,元大金,0.71,,
,兆豐金,1.19,,
,台新金,0.87,,
,中信金,1.24,,
,第一金,0.98,,
,統一超,9.17,,
,大立光,5.36,,
,聯詠,2.54,,
,欣興,0.55,,
,台灣大,6.54,,
,遠傳,3.4,,
,中租-KY,1.68,,
,合庫金,0.86,,
,矽力*-KY,8.07,,
,台塑化,3.51,,
,南電,0.54,,
,豐泰,6.84,,
,台泥,1.01,,
,統一,3.64,,
,台塑,1.85,,
,南亞,1.57,,
,台化,1.81,,
,亞德客-KY,3.81,,
,中鋼,1.08,,
,和泰車,4.55,,
,聯電,0.7,,
,台達電,4.08,,
,鴻海,1.29,,
,國巨,1.4,,
,台積電,3.53,,
,華碩,1.24,,
,瑞昱,2.07,,
,廣達,1.74,,
,研華,6.87,,
,南亞科,2.08,,
,友達,0.46,,
,中華電,2.37,,
,聯發科,1.46,,
,長榮,0.65,,
,陽明,0.75,,
,萬海,1.05,,
,彰銀,1.1,,
,華南金,1.08,,
,富邦金,1.11,,
,國泰金,1.08,,
,開發金,0.75,,
,玉山金,1.23,,
,元大金,0.73,,
,兆豐金,1.24,,
,台新金,0.88,,
,中信金,1.3,,
,第一金,1.03,,
,統一超,9.93,,
,大立光,6.42,,
,聯詠,2.44,,
,欣興,0.5,,
,台灣大,6.84,,
,遠傳,3.5,,
,中租-KY,1.55,,
,合庫金,0.87,,
,矽力*-KY,7.25,,
,台塑化,3.41,,
,南電,0.53,,
,豐泰,6.72,,
,台泥,1.1,,
,統一,3.6,,
,台塑,1.68,,
,南亞,1.46,,
,台化,1.62,,
,亞德客-KY,4.02,,
,中鋼,1.12,,
,和泰車,4.1,,
,聯電,0.7,,
,台達電,3.22,,
,鴻海,1.26,,
,國巨,1.35,,
,台積電,3.29,,
,華碩,1.14,,
,瑞昱,2.25,,
,廣達,1.74,,
,研華,6.23,,
,南亞科,1.59,,
,友達,0.6,,
,中華電,2.37,,
,聯發科,1.58,,
,長榮,0.78,,
,陽明,0.87,,
,萬海,1.11,,
,彰銀,1.06,,
,華南金,1.06,,
,富邦金,0.97,,
,國泰金,0.95,,
,開發金,0.71,,
,玉山金,1.22,,
,元大金,0.63,,
,兆豐金,1.1,,
,台新金,0.9,,
,中信金,1.06,,
,第一金,1.01,,
,統一超,8.83,,
,大立光,5.94,,
,聯詠,2.45,,
,欣興,0.5,,
,台灣大,6.04,,
,遠傳,3.39,,
,中租-KY,1.51,,
,合庫金,0.82,,
,矽力*-KY,6.15,,
,台塑化,3.02,,
,南電,0.52,,
,豐泰,5.76,,
,台泥,1.16,,
,統一,3.7,,
,台塑,1.68,,
,南亞,1.45,,
,台化,1.67,,
,亞德客-KY,4.02,,
,中鋼,1.18,,
,和泰車,4.16,,
,聯電,0.66,,
,台達電,3.47,,
,鴻海,1.34,,
,國巨,1.38,,
,台積電,3.49,,
,華碩,1.19,,
,瑞昱,2.6,,
,廣達,1.85,,
,研華,6.32,,
,南亞科,1.52,,
,友達,0.71,,
,中華電,2.31,,
,聯發科,1.57,,
,長榮,0.8,,
,陽明,0.81,,
,萬海,1.03,,
,彰銀,1.09,,
,華南金,1.1,,
,富邦金,1.02,,
,國泰金,0.97,,
,開發金,0.71,,
,玉山金,1.26,,
,元大金,0.67,,
,兆豐金,1.13,,
,台新金,0.93,,
,中信金,1.11,,
,第一金,1.06,,
,統一超,9.11,,
,大立光,6.89,,
,聯詠,2.29,,
,欣興,0.48,,
,台灣大,5.9,,
,遠傳,3.19,,
,中租-KY,1.64,,
,合庫金,0.87,,
,矽力*-KY,6.75,,
,台塑化,3.13,,
,南電,0.5,,
,豐泰,6.99,,
,台泥,1.24,,
,統一,3.4,,
,台塑,1.69,,
,南亞,1.46,,
,台化,1.65,,
,亞德客-KY,3.98,,
,中鋼,1.18,,
,和泰車,4.57,,
,聯電,0.64,,
,台達電,3.41,,
,鴻海,1.34,,
,國巨,1.37,,
,台積電,3.57,,
,華碩,1.16,,
,瑞昱,2.86,,
,廣達,1.67,,
,研華,6.62,,
,南亞科,1.51,,
,友達,0.69,,
,中華電,2.32,,
,聯發科,1.61,,
,長榮,0.78,,
,陽明,0.81,,
,萬海,0.95,,
,彰銀,1.07,,
,華南金,1.1,,
,富邦金,1.15,,
,國泰金,1.08,,
,開發金,0.73,,
,玉山金,1.27,,
,元大金,0.68,,
,兆豐金,0.97,,
,台新金,0.93,,
,中信金,1.16,,
,第一金,1.02,,
,統一超,8.88,,
,大立光,7.18,,
,聯詠,2.22,,
,欣興,0.46,,
,台灣大,5.98,,
,遠傳,3.22,,
,中租-KY,1.59,,
,合庫金,0.87,,
,矽力*-KY,7.87,,
,台塑化,3.2,,
,南電,0.46,,
,豐泰,7.33,,
,台泥,1.22,,
,統一,3.33,,
,台塑,1.68,,
,南亞,1.49,,
,台化,1.69,,
,亞德客-KY,4.69,,
,中鋼,1.18,,
,和泰車,4.77,,
,聯電,0.64,,
,台達電,3.45,,
,鴻海,1.33,,
,國巨,1.32,,
,台積電,3.7,,
,華碩,1.2,,
,瑞昱,2.32,,
,廣達,1.86,,
,研華,6.87,,
,南亞科,1.58,,
,友達,0.63,,
,中華電,2.25,,
,聯發科,1.56,,
,長榮,0.79,,
,陽明,0.79,,
,萬海,0.99,,
,彰銀,1.08,,
,華南金,1.08,,
,富邦金,1.19,,
,國泰金,1.08,,
,開發金,0.73,,
,玉山金,1.27,,
,元大金,0.67,,
,兆豐金,0.99,,
,台新金,0.91,,
,中信金,1.15,,
,第一金,1.04,,
,統一超,8.76,,
,大立光,7.62,,
,聯詠,2.26,,
,欣興,0.47,,
,台灣大,6.04,,
,遠傳,3.22,,
,中租-KY,1.61,,
,合庫金,0.86,,
,矽力*-KY,7.6,,
,台塑化,3.25,,
,南電,0.46,,
,豐泰,6.75,,
,台泥,1.37,,
,統一,3.79,,
,台塑,1.97,,
,南亞,1.69,,
,台化,1.97,,
,亞德客-KY,4.39,,
,中鋼,1.23,,
,和泰車,5.24,,
,聯電,0.68,,
,台達電,3.73,,
,鴻海,1.52,,
,國巨,1.44,,
,台積電,4.09,,
,華碩,1.25,,
,瑞昱,2.53,,
,廣達,1.98,,
,研華,7.29,,
,南亞科,1.86,,
,友達,0.68,,
,中華電,2.4,,
,聯發科,1.7,,
,長榮,0.77,,
,陽明,0.95,,
,萬海,1.03,,
,彰銀,1.09,,
,華南金,1.09,,
,富邦金,1.05,,
,國泰金,1.14,,
,開發金,0.75,,
,玉山金,1.27,,
,元大金,0.71,,
,兆豐金,1.04,,
,台新金,0.92,,
,中信金,1.18,,
,第一金,1.07,,
,統一超,10.02,,
,大立光,8.13,,
,聯詠,2.83,,
,欣興,0.47,,
,台灣大,7.2,,
,遠傳,3.7,,
,中租-KY,1.69,,
,合庫金,0.86,,
,矽力*-KY,7.47,,
,台塑化,3.83,,
,南電,0.44,,
,豐泰,7.29,,
,台泥,1.33,,
,統一,3.38,,
,台塑,2.09,,
,南亞,1.73,,
,台化,2.1,,
,亞德客-KY,4.22,,
,中鋼,1.35,,
,和泰車,5.22,,
,聯電,0.65,,
,台達電,3.59,,
,鴻海,1.46,,
,國巨,1.35,,
,台積電,3.97,,
,華碩,1.19,,
,瑞昱,2.34,,
,廣達,1.84,,
,研華,7.28,,
,南亞科,2.02,,
,友達,0.65,,
,中華電,2.39,,
,聯發科,1.57,,
,長榮,0.79,,
,陽明,0.78,,
,萬海,1.1,,
,彰銀,1.15,,
,華南金,1.1,,
,富邦金,1.16,,
,國泰金,1.31,,
,開發金,0.75,,
,玉山金,1.3,,
,元大金,0.7,,
,兆豐金,1.09,,
,台新金,0.93,,
,中信金,1.21,,
,第一金,1.08,,
,統一超,10.17,,
,大立光,8.03,,
,聯詠,2.53,,
,欣興,0.43,,
,台灣大,7,,
,遠傳,3.66,,
,中租-KY,1.68,,
,合庫金,0.87,,
,矽力*-KY,7.94,,
,台塑化,3.9,,
,南電,0.45,,
,豐泰,6.6,,
,台泥,1.23,,
,統一,3.23,,
,台塑,1.99,,
,南亞,1.8,,
,台化,1.92,,
,亞德客-KY,4.39,,
,中鋼,1.3,,
,和泰車,4.95,,
,聯電,0.66,,
,台達電,3.51,,
,鴻海,1.47,,
,國巨,1.3,,
,台積電,3.67,,
,華碩,1.11,,
,瑞昱,2.39,,
,廣達,1.82,,
,研華,6.77,,
,南亞科,2.14,,
,友達,0.66,,
,中華電,2.2,,
,聯發科,1.5,,
,長榮,0.76,,
,陽明,0.84,,
,萬海,1.1,,
,彰銀,1.13,,
,華南金,1.09,,
,富邦金,1.12,,
,國泰金,1.23,,
,開發金,0.75,,
,玉山金,1.26,,
,元大金,0.71,,
,兆豐金,1.07,,
,台新金,0.91,,
,中信金,1.19,,
,第一金,1.09,,
,統一超,8.95,,
,大立光,7.5,,
,聯詠,2.43,,
,欣興,0.46,,
,台灣大,6.25,,
,遠傳,3.43,,
,中租-KY,1.66,,
,合庫金,0.85,,
,矽力*-KY,5.79,,
,台塑化,3.83,,
,南電,0.47,,
,豐泰,6.28,,
,台泥,1.24,,
,統一,3.24,,
,台塑,2.01,,
,南亞,1.86,,
,台化,1.93,,
,亞德客-KY,4.44,,
,中鋼,1.33,,
,和泰車,4.8,,
,聯電,0.66,,
,台達電,3.83,,
,鴻海,1.46,,
,國巨,1.71,,
,台積電,3.75,,
,華碩,1.15,,
,瑞昱,2.56,,
,廣達,1.92,,
,研華,7.05,,
,南亞科,2.13,,
,友達,0.72,,
,中華電,2.21,,
,聯發科,1.48,,
,長榮,0.88,,
,陽明,0.97,,
,萬海,1.17,,
,彰銀,1.14,,
,華南金,1.1,,
,富邦金,1.11,,
,國泰金,1.21,,
,開發金,0.74,,
,玉山金,1.27,,
,元大金,0.73,,
,兆豐金,1.09,,
,台新金,0.91,,
,中信金,1.2,,
,第一金,1.1,,
,統一超,9.04,,
,大立光,8.8,,
,聯詠,2.52,,
,欣興,0.45,,
,台灣大,6.28,,
,遠傳,3.52,,
,中租-KY,1.69,,
,合庫金,0.87,,
,矽力*-KY,6.13,,
,台塑化,3.64,,
,南電,0.47,,
,豐泰,7.09,,
,台泥,1.32,,
,統一,3.3,,
,台塑,2.06,,
,南亞,1.89,,
,台化,1.94,,
,亞德客-KY,4.86,,
,中鋼,1.36,,
,和泰車,4.72,,
,聯電,0.74,,
,台達電,3.76,,
,鴻海,1.56,,
,國巨,1.7,,
,台積電,3.82,,
,華碩,1.16,,
,瑞昱,2.69,,
,廣達,1.92,,
,研華,6.96,,
,南亞科,2.02,,
,友達,0.68,,
,中華電,2.21,,
,聯發科,1.55,,
,長榮,0.99,,
,陽明,1.27,,
,萬海,1.27,,
,彰銀,1.21,,
,華南金,1.13,,
,富邦金,1.09,,
,國泰金,1.23,,
,開發金,0.75,,
,玉山金,1.29,,
,元大金,0.77,,
,兆豐金,1.11,,
,台新金,0.94,,
,中信金,1.24,,
,第一金,1.15,,
,統一超,8.73,,
,大立光,9.02,,
,聯詠,2.62,,
,欣興,0.53,,
,台灣大,6.5,,
,遠傳,3.5,,
,中租-KY,1.99,,
,合庫金,0.89,,
,矽力*-KY,6.71,,
,台塑化,3.66,,
,南電,0.48,,
,豐泰,6.77,,
,台泥,1.27,,
,統一,3.44,,
,台塑,2.02,,
,南亞,1.82,,
,台化,1.89,,
,亞德客-KY,5.1,,
,中鋼,1.33,,
,和泰車,4.77,,
,聯電,0.71,,
,台達電,3.57,,
,鴻海,1.59,,
,國巨,1.79,,
,台積電,3.82,,
,華碩,1.26,,
,瑞昱,2.55,,
,廣達,1.86,,
,研華,6.76,,
,南亞科,2.15,,
,友達,0.66,,
,中華電,2.23,,
,聯發科,1.49,,
,長榮,0.97,,
,陽明,1.28,,
,萬海,1.19,,
,彰銀,1.22,,
,華南金,1.13,,
,富邦金,1.09,,
,國泰金,1.24,,
,開發金,0.77,,
,玉山金,1.27,,
,元大金,0.76,,
,兆豐金,1.14,,
,台新金,0.98,,
,中信金,1.27,,
,第一金,1.17,,
,統一超,9.68,,
,大立光,9.45,,
,聯詠,2.68,,
,欣興,0.61,,
,台灣大,6.71,,
,遠傳,3.53,,
,中租-KY,2.14,,
,合庫金,0.92,,
,矽力*-KY,7.31,,
,台塑化,3.62,,
,南電,0.49,,
,豐泰,6.3,,
,台泥,1.23,,
,統一,3.37,,
,台塑,2.02,,
,南亞,1.84,,
,台化,1.85,,
,亞德客-KY,5.9,,
,中鋼,1.28,,
,和泰車,4.66,,
,聯電,0.7,,
,台達電,3.74,,
,鴻海,1.73,,
,國巨,2.31,,
,台積電,3.93,,
,華碩,1.24,,
,瑞昱,2.39,,
,廣達,1.88,,
,研華,6.49,,
,南亞科,2.13,,
,友達,0.7,,
,中華電,2.21,,
,聯發科,1.5,,
,長榮,0.91,,
,陽明,1.12,,
,萬海,1.13,,
,彰銀,1.15,,
,華南金,1.13,,
,富邦金,1.04,,
,國泰金,1.23,,
,開發金,0.77,,
,玉山金,1.36,,
,元大金,0.76,,
,兆豐金,1.13,,
,台新金,0.97,,
,中信金,1.27,,
,第一金,1.16,,
,統一超,10.17,,
,大立光,9.92,,
,聯詠,2.64,,
,欣興,0.68,,
,台灣大,6.71,,
,遠傳,3.52,,
,中租-KY,2.32,,
,合庫金,0.93,,
,矽力*-KY,7.22,,
,台塑化,3.61,,
,南電,0.5,,
,豐泰,6.04,,
,台泥,1.21,,
,統一,3.64,,
,台塑,2,,
,南亞,1.81,,
,台化,1.82,,
,亞德客-KY,5.68,,
,中鋼,1.3,,
,和泰車,5.29,,
,聯電,0.72,,
,台達電,3.65,,
,鴻海,1.8,,
,國巨,2.21,,
,台積電,4.1,,
,華碩,1.2,,
,瑞昱,2.36,,
,廣達,2.07,,
,研華,6.49,,
,南亞科,2.26,,
,友達,0.65,,
,中華電,2.33,,
,聯發科,1.59,,
,長榮,1.03,,
,陽明,1.17,,
,萬海,1.15,,
,彰銀,1.16,,
,華南金,1.15,,
,富邦金,1.01,,
,國泰金,1.2,,
,開發金,0.76,,
,玉山金,1.38,,
,元大金,0.77,,
,兆豐金,1.13,,
,台新金,1.04,,
,中信金,1.29,,
,第一金,1.22,,
,統一超,10.42,,
,大立光,9.39,,
,聯詠,2.72,,
,欣興,0.64,,
,台灣大,6.74,,
,遠傳,3.62,,
,中租-KY,2.45,,
,合庫金,0.94,,
,矽力*-KY,7.86,,
,台塑化,3.69,,
,南電,0.48,,
,豐泰,6.1,,
,台泥,1.21,,
,統一,3.62,,
,台塑,1.86,,
,南亞,1.74,,
,台化,1.7,,
,亞德客-KY,5.97,,
,中鋼,1.28,,
,和泰車,4.52,,
,聯電,0.86,,
,台達電,3.52,,
,鴻海,1.82,,
,國巨,2.26,,
,台積電,3.71,,
,華碩,1.14,,
,瑞昱,2.55,,
,廣達,2.07,,
,研華,5.72,,
,南亞科,1.55,,
,友達,0.71,,
,中華電,2.24,,
,聯發科,1.63,,
,長榮,1.09,,
,陽明,1.21,,
,萬海,1.17,,
,彰銀,1.12,,
,華南金,1.15,,
,富邦金,1.14,,
,國泰金,1.17,,
,開發金,0.8,,
,玉山金,1.34,,
,元大金,0.79,,
,兆豐金,1.15,,
,台新金,0.88,,
,中信金,1.34,,
,第一金,1.25,,
,統一超,9.14,,
,大立光,8.12,,
,聯詠,2.59,,
,欣興,0.65,,
,台灣大,6.07,,
,遠傳,3.42,,
,中租-KY,2.39,,
,合庫金,0.96,,
,矽力*-KY,5.72,,
,台塑化,3.03,,
,南電,0.52,,
,豐泰,6.56,,
,台泥,1.2,,
,統一,3.43,,
,台塑,1.82,,
,南亞,1.75,,
,台化,1.62,,
,亞德客-KY,7.16,,
,中鋼,1.28,,
,和泰車,4.35,,
,聯電,0.81,,
,台達電,3.4,,
,鴻海,1.83,,
,國巨,2.44,,
,台積電,3.82,,
,華碩,1.12,,
,瑞昱,2.63,,
,廣達,2.06,,
,研華,6.06,,
,南亞科,1.77,,
,友達,0.62,,
,中華電,2.11,,
,聯發科,1.67,,
,長榮,1.17,,
,陽明,1.3,,
,萬海,1.18,,
,彰銀,1.14,,
,華南金,1.15,,
,富邦金,1.1,,
,國泰金,1.15,,
,開發金,0.82,,
,玉山金,1.38,,
,元大金,0.76,,
,兆豐金,1.16,,
,台新金,0.9,,
,中信金,1.3,,
,第一金,1.25,,
,統一超,8.56,,
,大立光,9.23,,
,聯詠,2.43,,
,欣興,0.72,,
,台灣大,5.72,,
,遠傳,3.22,,
,中租-KY,2.45,,
,合庫金,0.99,,
,矽力*-KY,5.76,,
,台塑化,3.06,,
,南電,0.48,,
,豐泰,6.32,,
,台泥,1.19,,
,統一,3.81,,
,台塑,1.88,,
,南亞,1.76,,
,台化,1.69,,
,亞德客-KY,7.35,,
,中鋼,1.31,,
,和泰車,4.22,,
,聯電,0.88,,
,台達電,3.5,,
,鴻海,1.83,,
,國巨,2.88,,
,台積電,3.86,,
,華碩,0.99,,
,瑞昱,2.72,,
,廣達,1.98,,
,研華,5.9,,
,南亞科,1.83,,
,友達,0.63,,
,中華電,2.18,,
,聯發科,1.7,,
,長榮,1.62,,
,陽明,1.61,,
,萬海,1.43,,
,彰銀,1.11,,
,華南金,1.16,,
,富邦金,1.14,,
,國泰金,1.15,,
,開發金,0.85,,
,玉山金,1.43,,
,元大金,0.77,,
,兆豐金,1.1,,
,台新金,0.89,,
,中信金,1.31,,
,第一金,1.23,,
,統一超,8.44,,
,大立光,9.76,,
,聯詠,2.48,,
,欣興,0.63,,
,台灣大,5.72,,
,遠傳,3.23,,
,中租-KY,2.32,,
,合庫金,0.98,,
,矽力*-KY,6.57,,
,台塑化,3.07,,
,南電,0.5,,
,豐泰,6.98,,
,台泥,1.16,,
,統一,3.73,,
,台塑,1.84,,
,南亞,1.73,,
,台化,1.64,,
,亞德客-KY,7.31,,
,中鋼,1.26,,
,和泰車,4.16,,
,聯電,0.88,,
,台達電,3.31,,
,鴻海,1.67,,
,國巨,3.15,,
,台積電,3.86,,
,華碩,0.99,,
,瑞昱,2.49,,
,廣達,2.01,,
,研華,5.66,,
,南亞科,2.45,,
,友達,0.62,,
,中華電,2.17,,
,聯發科,1.83,,
,長榮,1.29,,
,陽明,1.61,,
,萬海,1.27,,
,彰銀,1.11,,
,華南金,1.13,,
,富邦金,1.11,,
,國泰金,1.13,,
,開發金,0.82,,
,玉山金,1.4,,
,元大金,0.77,,
,兆豐金,1.08,,
,台新金,0.86,,
,中信金,1.28,,
,第一金,1.23,,
,統一超,8.51,,
,大立光,9,,
,聯詠,2.42,,
,欣興,0.61,,
,台灣大,5.75,,
,遠傳,3.2,,
,中租-KY,2.11,,
,合庫金,0.96,,
,矽力*-KY,6.84,,
,台塑化,3.06,,
,南電,0.49,,
,豐泰,6.73,,
,台泥,1.16,,
,統一,4,,
,台塑,1.92,,
,南亞,1.84,,
,台化,1.73,,
,亞德客-KY,8.4,,
,中鋼,1.3,,
,和泰車,4.57,,
,聯電,0.92,,
,台達電,3.28,,
,鴻海,1.83,,
,國巨,3.34,,
,台積電,4.7,,
,華碩,1.12,,
,瑞昱,2.83,,
,廣達,2.18,,
,研華,5.9,,
,南亞科,2.39,,
,友達,0.61,,
,中華電,2.31,,
,聯發科,2.19,,
,長榮,1.2,,
,陽明,1.61,,
,萬海,1.24,,
,彰銀,1.1,,
,華南金,1.15,,
,富邦金,1.1,,
,國泰金,1.13,,
,開發金,0.86,,
,玉山金,1.31,,
,元大金,0.78,,
,兆豐金,1.12,,
,台新金,0.88,,
,中信金,1.33,,
,第一金,1.27,,
,統一超,10.95,,
,大立光,10.03,,
,聯詠,2.63,,
,欣興,0.64,,
,台灣大,6.85,,
,遠傳,3.57,,
,中租-KY,2.53,,
,合庫金,1.02,,
,矽力*-KY,6.24,,
,台塑化,3.48,,
,南電,0.56,,
,豐泰,7.92,,
,台泥,1.34,,
,統一,4.04,,
,台塑,1.89,,
,南亞,1.87,,
,台化,1.72,,
,亞德客-KY,8.78,,
,中鋼,1.3,,
,和泰車,4.53,,
,聯電,0.91,,
,台達電,3.08,,
,鴻海,1.63,,
,國巨,4.69,,
,台積電,4.37,,
,華碩,1.18,,
,瑞昱,2.78,,
,廣達,1.89,,
,研華,5.72,,
,南亞科,2.36,,
,友達,0.63,,
,中華電,2.32,,
,聯發科,2.08,,
,長榮,1.28,,
,陽明,1.56,,
,萬海,1.28,,
,彰銀,1.1,,
,華南金,1.15,,
,富邦金,1.12,,
,國泰金,1.17,,
,開發金,0.87,,
,玉山金,1.32,,
,元大金,0.81,,
,兆豐金,1.11,,
,台新金,0.9,,
,中信金,1.37,,
,第一金,1.26,,
,統一超,11.48,,
,大立光,9.02,,
,聯詠,2.7,,
,欣興,0.58,,
,台灣大,6.85,,
,遠傳,3.61,,
,中租-KY,2.82,,
,合庫金,1.03,,
,矽力*-KY,6.12,,
,台塑化,3.5,,
,南電,0.52,,
,豐泰,7.31,,
,台泥,1.38,,
,統一,3.91,,
,台塑,1.87,,
,南亞,1.81,,
,台化,1.76,,
,亞德客-KY,6.69,,
,中鋼,1.3,,
,和泰車,4.37,,
,聯電,0.84,,
,台達電,3.08,,
,鴻海,1.54,,
,國巨,4.47,,
,台積電,4.16,,
,華碩,1.19,,
,瑞昱,2.57,,
,廣達,1.85,,
,研華,5.65,,
,南亞科,2,,
,友達,0.59,,
,中華電,2.3,,
,聯發科,1.81,,
,長榮,1.16,,
,陽明,1.55,,
,萬海,1.26,,
,彰銀,1.09,,
,華南金,1.14,,
,富邦金,1.1,,
,國泰金,1.15,,
,開發金,0.94,,
,玉山金,1.32,,
,元大金,0.78,,
,兆豐金,1.1,,
,台新金,0.91,,
,中信金,1.36,,
,第一金,1.25,,
,統一超,10.23,,
,大立光,6.41,,
,聯詠,2.53,,
,欣興,0.6,,
,台灣大,6.41,,
,遠傳,3.55,,
,中租-KY,2.62,,
,合庫金,1.02,,
,矽力*-KY,5.94,,
,台塑化,3.42,,
,南電,0.54,,
,豐泰,7.13,,
,台泥,1.42,,
,統一,4.15,,
,台塑,1.96,,
,南亞,1.87,,
,台化,1.86,,
,亞德客-KY,5.79,,
,中鋼,1.31,,
,和泰車,4.68,,
,聯電,0.84,,
,台達電,3.16,,
,鴻海,1.49,,
,國巨,4.9,,
,台積電,4.62,,
,華碩,1.19,,
,瑞昱,2.74,,
,廣達,1.9,,
,研華,6.12,,
,南亞科,2.09,,
,友達,0.66,,
,中華電,2.35,,
,聯發科,1.84,,
,長榮,1.22,,
,陽明,1.57,,
,萬海,1.22,,
,彰銀,1.13,,
,華南金,1.18,,
,富邦金,1.18,,
,國泰金,1.17,,
,開發金,0.99,,
,玉山金,1.34,,
,元大金,0.8,,
,兆豐金,1.16,,
,台新金,0.96,,
,中信金,1.41,,
,第一金,1.28,,
,統一超,10.39,,
,大立光,6.38,,
,聯詠,2.73,,
,欣興,0.78,,
,台灣大,6.65,,
,遠傳,3.67,,
,中租-KY,2.97,,
,合庫金,1.06,,
,矽力*-KY,5.45,,
,台塑化,3.67,,
,南電,0.54,,
,豐泰,7.26,,
,台泥,1.4,,
,統一,4.09,,
,台塑,1.96,,
,南亞,1.88,,
,台化,1.85,,
,亞德客-KY,6.69,,
,中鋼,1.26,,
,和泰車,4.01,,
,聯電,0.84,,
,台達電,2.98,,
,鴻海,1.43,,
,國巨,4.19,,
,台積電,4.46,,
,華碩,1.18,,
,瑞昱,2.73,,
,廣達,1.79,,
,研華,5.84,,
,南亞科,2.13,,
,友達,0.62,,
,中華電,2.37,,
,聯發科,1.86,,
,長榮,1.1,,
,陽明,1.4,,
,萬海,1.2,,
,彰銀,1.11,,
,華南金,1.17,,
,富邦金,1.13,,
,國泰金,1.17,,
,開發金,0.97,,
,玉山金,1.35,,
,元大金,0.75,,
,兆豐金,1.14,,
,台新金,0.93,,
,中信金,1.42,,
,第一金,1.27,,
,統一超,10.61,,
,大立光,5.89,,
,聯詠,2.82,,
,欣興,0.74,,
,台灣大,6.41,,
,遠傳,3.57,,
,中租-KY,2.97,,
,合庫金,1.04,,
,矽力*-KY,5.69,,
,台塑化,3.46,,
,南電,0.57,,
,豐泰,7.32,,
,台泥,1.38,,
,統一,4.09,,
,台塑,1.97,,
,南亞,1.9,,
,台化,1.85,,
,亞德客-KY,6.18,,
,中鋼,1.23,,
,和泰車,3.64,,
,聯電,0.92,,
,台達電,2.8,,
,鴻海,1.43,,
,國巨,6.62,,
,台積電,4.49,,
,華碩,1.17,,
,瑞昱,3.07,,
,廣達,1.77,,
,研華,5.64,,
,南亞科,2.46,,
,友達,0.64,,
,中華電,2.45,,
,聯發科,2.1,,
,長榮,1.08,,
,陽明,1.42,,
,萬海,1.18,,
,彰銀,1.12,,
,華南金,1.2,,
,富邦金,1.09,,
,國泰金,1.13,,
,開發金,0.95,,
,玉山金,1.37,,
,元大金,0.75,,
,兆豐金,1.16,,
,台新金,0.93,,
,中信金,1.41,,
,第一金,1.29,,
,統一超,10.59,,
,大立光,5.34,,
,聯詠,2.96,,
,欣興,0.69,,
,台灣大,6.56,,
,遠傳,3.78,,
,中租-KY,3.13,,
,合庫金,1.06,,
,矽力*-KY,5.64,,
,台塑化,3.5,,
,南電,0.7,,
,豐泰,6.87,,
,台泥,1.55,,
,統一,4.24,,
,台塑,1.98,,
,南亞,1.9,,
,台化,1.87,,
,亞德客-KY,6.45,,
,中鋼,1.23,,
,和泰車,3.59,,
,聯電,0.95,,
,台達電,2.32,,
,鴻海,1.34,,
,國巨,7.95,,
,台積電,4.11,,
,華碩,1.18,,
,瑞昱,2.67,,
,廣達,1.62,,
,研華,5.49,,
,南亞科,2.5,,
,友達,0.59,,
,中華電,2.45,,
,聯發科,2.09,,
,長榮,1.07,,
,陽明,1.39,,
,萬海,1.12,,
,彰銀,1.13,,
,華南金,1.22,,
,富邦金,1.11,,
,國泰金,1.15,,
,開發金,1.04,,
,玉山金,1.47,,
,元大金,0.8,,
,兆豐金,1.2,,
,台新金,0.95,,
,中信金,1.41,,
,第一金,1.3,,
,統一超,10.53,,
,大立光,5.55,,
,聯詠,2.79,,
,欣興,0.62,,
,台灣大,6.53,,
,日月光投控,1.87,,
,遠傳,3.79,,
,中租-KY,3.3,,
,合庫金,1.06,,
,矽力*-KY,5.46,,
,台塑化,3.59,,
,南電,0.56,,
,豐泰,7.11,,
,台泥,1.65,,
,統一,4.33,,
,台塑,2.04,,
,南亞,1.95,,
,台化,1.96,,
,亞德客-KY,6.44,,
,中鋼,1.24,,
,和泰車,3.37,,
,聯電,0.99,,
,台達電,2.38,,
,鴻海,1.39,,
,國巨,12.06,,
,台積電,4.06,,
,華碩,1.15,,
,瑞昱,2.7,,
,廣達,1.59,,
,研華,5.45,,
,南亞科,2.7,,
,友達,0.62,,
,中華電,2.36,,
,聯發科,1.92,,
,長榮,1.05,,
,陽明,1.28,,
,萬海,1.09,,
,彰銀,1.15,,
,華南金,1.22,,
,富邦金,1.13,,
,國泰金,1.15,,
,開發金,1.04,,
,玉山金,1.46,,
,元大金,0.8,,
,兆豐金,1.2,,
,台新金,0.96,,
,中信金,1.43,,
,第一金,1.3,,
,統一超,11.06,,
,大立光,6.53,,
,聯詠,3.02,,
,欣興,0.61,,
,台灣大,6.56,,
,日月光投控,1.77,,
,遠傳,3.69,,
,中租-KY,3.24,,
,合庫金,1.08,,
,矽力*-KY,6.03,,
,台塑化,3.59,,
,南電,0.52,,
,豐泰,7,,
,台泥,1.2,,
,統一,3.53,,
,台塑,1.89,,
,南亞,1.79,,
,台化,1.78,,
,亞德客-KY,4.79,,
,中鋼,1.21,,
,和泰車,2.96,,
,聯電,0.99,,
,台達電,2.25,,
,鴻海,1.29,,
,國巨,11.21,,
,台積電,3.5,,
,華碩,1.17,,
,瑞昱,2.51,,
,廣達,1.53,,
,研華,4.8,,
,南亞科,1.78,,
,友達,0.58,,
,中華電,2.21,,
,聯發科,1.74,,
,長榮,0.83,,
,陽明,0.88,,
,萬海,1.12,,
,彰銀,1.1,,
,華南金,1.16,,
,富邦金,1,,
,國泰金,1.13,,
,開發金,0.98,,
,玉山金,1.4,,
,元大金,0.77,,
,兆豐金,1.16,,
,台新金,0.91,,
,中信金,1.31,,
,第一金,1.25,,
,統一超,6.82,,
,大立光,6.27,,
,聯詠,2.84,,
,欣興,0.58,,
,台灣大,5.69,,
,日月光投控,1.6,,
,遠傳,3.27,,
,中租-KY,2.23,,
,合庫金,1.06,,
,矽力*-KY,5.95,,
,台塑化,3.13,,
,南電,0.59,,
,豐泰,7.22,,
,台泥,1.23,,
,統一,3.68,,
,台塑,1.89,,
,南亞,1.74,,
,台化,1.76,,
,亞德客-KY,3.69,,
,中鋼,1.28,,
,和泰車,2.94,,
,聯電,1.03,,
,台達電,2.19,,
,鴻海,1.3,,
,國巨,9.32,,
,台積電,3.97,,
,華碩,1.1,,
,瑞昱,2.79,,
,廣達,1.51,,
,研華,4.83,,
,南亞科,1.69,,
,友達,0.6,,
,中華電,2.13,,
,聯發科,1.47,,
,長榮,0.88,,
,陽明,0.9,,
,萬海,1.1,,
,彰銀,1.13,,
,華南金,1.2,,
,富邦金,0.99,,
,國泰金,1.1,,
,開發金,0.99,,
,玉山金,1.5,,
,元大金,0.77,,
,兆豐金,1.18,,
,台新金,0.95,,
,中信金,1.24,,
,第一金,1.27,,
,統一超,6.65,,
,大立光,7.19,,
,聯詠,3.06,,
,欣興,0.58,,
,台灣大,5.43,,
,日月光投控,1.77,,
,遠傳,3.01,,
,中租-KY,2.28,,
,合庫金,1.11,,
,矽力*-KY,5.65,,
,台塑化,3.08,,
,南電,0.58,,
,豐泰,8.31,,
,台泥,1.45,,
,統一,3.54,,
,台塑,1.89,,
,南亞,1.75,,
,台化,1.8,,
,亞德客-KY,3.26,,
,中鋼,1.29,,
,和泰車,2.94,,
,聯電,1.01,,
,台達電,2.53,,
,鴻海,1.25,,
,國巨,8.37,,
,台積電,4.13,,
,華碩,1.1,,
,瑞昱,3.38,,
,廣達,1.51,,
,研華,4.99,,
,南亞科,1.5,,
,友達,0.6,,
,中華電,2.18,,
,聯發科,1.46,,
,長榮,0.87,,
,陽明,0.86,,
,萬海,1.11,,
,彰銀,1.19,,
,華南金,1.23,,
,富邦金,0.99,,
,國泰金,1.1,,
,開發金,0.98,,
,玉山金,1.58,,
,元大金,0.85,,
,兆豐金,1.11,,
,台新金,0.96,,
,中信金,1.29,,
,第一金,1.26,,
,統一超,6.62,,
,大立光,6.57,,
,聯詠,3.11,,
,欣興,0.62,,
,台灣大,5.51,,
,日月光投控,0.85,,
,遠傳,3.04,,
,中租-KY,2.38,,
,合庫金,1.11,,
,矽力*-KY,4.86,,
,台塑化,3.22,,
,南電,0.61,,
,豐泰,8.78,,
,台泥,1.4,,
,統一,3.63,,
,台塑,1.96,,
,南亞,1.74,,
,台化,1.87,,
,亞德客-KY,3.31,,
,中鋼,1.3,,
,和泰車,2.89,,
,聯電,0.93,,
,台達電,2.69,,
,鴻海,1.23,,
,國巨,5.52,,
,台積電,4.24,,
,華碩,1.11,,
,瑞昱,3.08,,
,廣達,1.52,,
,研華,5.43,,
,南亞科,1.25,,
,友達,0.58,,
,中華電,2.21,,
,聯發科,1.44,,
,長榮,0.86,,
,陽明,0.85,,
,萬海,1.11,,
,彰銀,1.22,,
,華南金,1.26,,
,富邦金,1.01,,
,國泰金,1.1,,
,開發金,1.01,,
,玉山金,1.58,,
,元大金,0.88,,
,兆豐金,1.19,,
,台新金,0.98,,
,中信金,1.37,,
,第一金,1.27,,
,統一超,7.08,,
,大立光,5.08,,
,聯詠,3.12,,
,欣興,0.71,,
,台灣大,5.64,,
,日月光投控,0.84,,
,遠傳,3.02,,
,中租-KY,2.44,,
,合庫金,1.13,,
,矽力*-KY,4.43,,
,台塑化,3.79,,
,南電,0.64,,
,豐泰,8.87,,
,台泥,1.17,,
,統一,4.25,,
,台塑,1.74,,
,南亞,1.64,,
,台化,1.72,,
,亞德客-KY,3.08,,
,中鋼,1.27,,
,和泰車,2.57,,
,聯電,0.7,,
,台達電,2.86,,
,鴻海,0.92,,
,國巨,2.88,,
,台積電,4.07,,
,華碩,1.03,,
,瑞昱,2.85,,
,廣達,1.49,,
,研華,5.66,,
,南亞科,1.09,,
,友達,0.59,,
,中華電,2.36,,
,聯發科,1.4,,
,長榮,0.82,,
,陽明,0.96,,
,萬海,0.99,,
,彰銀,1.14,,
,華南金,1.2,,
,富邦金,0.98,,
,國泰金,1.04,,
,開發金,0.92,,
,玉山金,1.45,,
,元大金,0.83,,
,兆豐金,1.18,,
,台新金,0.93,,
,中信金,1.29,,
,第一金,1.22,,
,統一超,11.98,,
,大立光,4.84,,
,聯詠,3.11,,
,欣興,0.54,,
,台灣大,6.88,,
,日月光投控,1.38,,
,遠傳,3.48,,
,中租-KY,2.05,,
,上海商銀,1.28,,
,合庫金,1.08,,
,矽力*-KY,3.08,,
,台塑化,3.42,,
,南電,0.54,,
,豐泰,9.76,,
,台泥,1.16,,
,統一,4.09,,
,台塑,1.73,,
,南亞,1.58,,
,台化,1.63,,
,亞德客-KY,3.75,,
,中鋼,1.25,,
,和泰車,2.85,,
,聯電,0.68,,
,台達電,2.86,,
,鴻海,0.84,,
,國巨,3.38,,
,台積電,3.92,,
,華碩,0.98,,
,瑞昱,3.25,,
,廣達,1.52,,
,研華,6.21,,
,南亞科,1.29,,
,友達,0.6,,
,中華電,2.31,,
,聯發科,1.46,,
,長榮,0.84,,
,陽明,1.02,,
,萬海,1.04,,
,彰銀,1.14,,
,華南金,1.21,,
,富邦金,0.99,,
,國泰金,1.03,,
,開發金,0.93,,
,玉山金,1.47,,
,元大金,0.87,,
,兆豐金,1.15,,
,台新金,0.91,,
,中信金,1.28,,
,第一金,1.24,,
,統一超,10.91,,
,大立光,4.87,,
,聯詠,2.96,,
,欣興,0.77,,
,台灣大,6.79,,
,日月光投控,1.38,,
,遠傳,3.42,,
,中租-KY,2.23,,
,上海商銀,1.33,,
,合庫金,1.12,,
,矽力*-KY,3.84,,
,台塑化,3.12,,
,南電,0.66,,
,豐泰,10.28,,
,台泥,1.07,,
,統一,3.83,,
,台塑,1.75,,
,南亞,1.57,,
,台化,1.58,,
,亞德客-KY,3.49,,
,中鋼,1.22,,
,和泰車,2.93,,
,聯電,0.66,,
,台達電,2.72,,
,鴻海,0.85,,
,國巨,2.45,,
,台積電,3.71,,
,華碩,0.88,,
,瑞昱,3.09,,
,廣達,1.55,,
,研華,5.28,,
,南亞科,1.07,,
,友達,0.59,,
,中華電,2.38,,
,聯發科,1.35,,
,長榮,0.86,,
,陽明,1.03,,
,萬海,1.04,,
,彰銀,1.09,,
,華南金,1.17,,
,富邦金,0.93,,
,國泰金,0.98,,
,開發金,0.88,,
,玉山金,1.39,,
,元大金,0.83,,
,兆豐金,1.14,,
,台新金,0.86,,
,中信金,1.23,,
,第一金,1.21,,
,統一超,9.79,,
,大立光,4.27,,
,聯詠,3.03,,
,欣興,0.8,,
,台灣大,6.22,,
,日月光投控,1.28,,
,遠傳,3.47,,
,中租-KY,2.16,,
,上海商銀,1.29,,
,合庫金,1.07,,
,矽力*-KY,3.36,,
,台塑化,2.99,,
,南電,0.74,,
,豐泰,8.26,,
,台泥,1.12,,
,統一,3.95,,
,台塑,1.77,,
,南亞,1.59,,
,台化,1.6,,
,亞德客-KY,4.09,,
,中鋼,1.29,,
,和泰車,3.36,,
,聯電,0.66,,
,台達電,3.18,,
,鴻海,0.84,,
,國巨,2.47,,
,台積電,3.64,,
,華碩,1.03,,
,瑞昱,3.53,,
,廣達,1.65,,
,研華,5.73,,
,南亞科,1.17,,
,友達,0.57,,
,中華電,2.25,,
,聯發科,1.43,,
,長榮,0.86,,
,陽明,1.04,,
,萬海,1.03,,
,彰銀,1.13,,
,華南金,1.23,,
,富邦金,0.88,,
,國泰金,0.91,,
,開發金,0.9,,
,玉山金,1.48,,
,元大金,0.92,,
,兆豐金,1.17,,
,台新金,0.9,,
,中信金,1.27,,
,第一金,1.24,,
,統一超,10.16,,
,大立光,5.02,,
,聯詠,3.37,,
,欣興,0.8,,
,台灣大,6.4,,
,日月光投控,1.31,,
,遠傳,3.26,,
,中租-KY,2.52,,
,上海商銀,1.41,,
,合庫金,1.12,,
,矽力*-KY,3.37,,
,台塑化,2.95,,
,南電,0.79,,
,豐泰,9.06,,
,台泥,1.15,,
,統一,4.12,,
,台塑,1.77,,
,南亞,1.6,,
,台化,1.59,,
,亞德客-KY,4.45,,
,中鋼,1.29,,
,和泰車,3.84,,
,聯電,0.67,,
,台達電,3.23,,
,鴻海,0.88,,
,國巨,2.65,,
,台積電,3.93,,
,華碩,0.96,,
,瑞昱,3.85,,
,廣達,1.68,,
,研華,5.89,,
,南亞科,1.21,,
,友達,0.54,,
,中華電,2.25,,
,聯發科,1.65,,
,長榮,0.9,,
,陽明,1.08,,
,萬海,1.04,,
,彰銀,1.17,,
,華南金,1.26,,
,富邦金,0.9,,
,國泰金,0.94,,
,開發金,0.9,,
,玉山金,1.53,,
,元大金,0.94,,
,兆豐金,1.19,,
,台新金,0.92,,
,中信金,1.27,,
,第一金,1.26,,
,統一超,10.03,,
,大立光,5.79,,
,聯詠,3.65,,
,欣興,0.86,,
,台灣大,6.43,,
,日月光投控,1.38,,
,遠傳,3.28,,
,中租-KY,2.7,,
,上海商銀,1.54,,
,合庫金,1.16,,
,矽力*-KY,4.11,,
,台塑化,3.19,,
,南電,0.83,,
,豐泰,9.11,,
,台泥,1.24,,
,統一,4.11,,
,台塑,1.89,,
,南亞,1.64,,
,台化,1.69,,
,亞德客-KY,4.63,,
,中鋼,1.28,,
,和泰車,4.33,,
,聯電,0.67,,
,台達電,3.34,,
,鴻海,0.89,,
,國巨,2.48,,
,台積電,4.04,,
,華碩,0.98,,
,瑞昱,3.93,,
,廣達,1.7,,
,研華,6.42,,
,南亞科,1.17,,
,友達,0.54,,
,中華電,2.3,,
,聯發科,1.66,,
,長榮,0.86,,
,陽明,1.01,,
,萬海,1.05,,
,彰銀,1.17,,
,華南金,1.3,,
,富邦金,0.91,,
,國泰金,0.94,,
,開發金,0.93,,
,玉山金,1.64,,
,元大金,0.95,,
,兆豐金,1.23,,
,台新金,0.93,,
,中信金,1.25,,
,第一金,1.28,,
,統一超,9.56,,
,大立光,6.11,,
,聯詠,4.22,,
,欣興,1.06,,
,台灣大,6.52,,
,日月光投控,1.48,,
,遠傳,3.38,,
,中租-KY,2.81,,
,上海商銀,1.57,,
,合庫金,1.18,,
,矽力*-KY,3.42,,
,台塑化,3.17,,
,南電,1.02,,
,豐泰,10.26,,
,台泥,1.26,,
,統一,4.03,,
,台塑,1.94,,
,南亞,1.63,,
,台化,1.67,,
,亞德客-KY,4.78,,
,中鋼,1.26,,
,和泰車,5.36,,
,聯電,0.77,,
,台達電,3.42,,
,鴻海,1.05,,
,國巨,2.34,,
,台積電,4.26,,
,華碩,1.03,,
,瑞昱,4.52,,
,廣達,1.74,,
,研華,6.27,,
,南亞科,1.25,,
,友達,0.53,,
,中華電,2.34,,
,聯發科,1.74,,
,長榮,0.97,,
,陽明,1.02,,
,萬海,1.06,,
,彰銀,1.17,,
,華南金,1.35,,
,富邦金,0.91,,
,國泰金,0.93,,
,開發金,0.9,,
,玉山金,1.75,,
,元大金,0.96,,
,兆豐金,1.3,,
,台新金,0.92,,
,中信金,1.29,,
,第一金,1.34,,
,統一超,9.07,,
,大立光,6.18,,
,聯詠,4.3,,
,欣興,1.23,,
,台灣大,6.62,,
,日月光投控,1.57,,
,遠傳,3.45,,
,中租-KY,2.93,,
,上海商銀,1.6,,
,合庫金,1.25,,
,矽力*-KY,3.76,,
,台塑化,3.14,,
,南電,1.02,,
,豐泰,11.8,,
,台泥,1.29,,
,統一,4.46,,
,台塑,1.91,,
,南亞,1.63,,
,台化,1.62,,
,亞德客-KY,3.79,,
,中鋼,1.23,,
,和泰車,5.81,,
,聯電,0.74,,
,台達電,3,,
,鴻海,0.89,,
,國巨,2,,
,台積電,3.88,,
,華碩,0.95,,
,瑞昱,4.32,,
,廣達,1.73,,
,研華,6.65,,
,南亞科,1.18,,
,友達,0.44,,
,中華電,2.37,,
,聯發科,1.83,,
,長榮,0.87,,
,陽明,0.95,,
,萬海,1.23,,
,彰銀,1.26,,
,華南金,1.4,,
,富邦金,0.86,,
,國泰金,0.85,,
,開發金,0.84,,
,玉山金,1.89,,
,元大金,0.96,,
,兆豐金,1.36,,
,台新金,0.93,,
,中信金,1.28,,
,第一金,1.37,,
,統一超,9.48,,
,大立光,5.01,,
,聯詠,3.57,,
,欣興,1.07,,
,台灣大,6.93,,
,日月光投控,1.31,,
,遠傳,3.57,,
,中租-KY,2.6,,
,上海商銀,1.87,,
,合庫金,1.25,,
,矽力*-KY,3.33,,
,台塑化,3.18,,
,南電,0.72,,
,豐泰,11.25,,
,台泥,1.21,,
,統一,4.14,,
,台塑,1.95,,
,南亞,1.6,,
,台化,1.55,,
,亞德客-KY,3.62,,
,中鋼,1.24,,
,和泰車,5.3,,
,聯電,0.78,,
,台達電,3.03,,
,鴻海,0.85,,
,國巨,1.8,,
,台積電,3.56,,
,華碩,0.98,,
,瑞昱,4.44,,
,廣達,1.69,,
,研華,5.9,,
,南亞科,1.17,,
,友達,0.45,,
,中華電,2.28,,
,聯發科,1.74,,
,長榮,0.83,,
,陽明,0.98,,
,萬海,1.12,,
,彰銀,1.28,,
,華南金,1.32,,
,富邦金,0.87,,
,國泰金,0.83,,
,開發金,0.81,,
,玉山金,1.69,,
,元大金,0.96,,
,兆豐金,1.29,,
,台新金,0.85,,
,中信金,1.19,,
,第一金,1.31,,
,統一超,8.13,,
,大立光,4.58,,
,聯詠,3.25,,
,欣興,1.24,,
,台灣大,6.36,,
,日月光投控,1.28,,
,遠傳,3.38,,
,中租-KY,2.53,,
,上海商銀,1.68,,
,合庫金,1.21,,
,矽力*-KY,4.06,,
,台塑化,2.98,,
,南電,0.86,,
,豐泰,9.18,,
,台泥,1.18,,
,統一,4.05,,
,台塑,1.71,,
,南亞,1.45,,
,台化,1.43,,
,亞德客-KY,3.36,,
,中鋼,1.19,,
,和泰車,4.7,,
,聯電,0.77,,
,台達電,2.92,,
,鴻海,0.86,,
,國巨,1.82,,
,台積電,3.86,,
,華碩,0.97,,
,瑞昱,4.07,,
,廣達,1.61,,
,研華,5.88,,
,南亞科,1.36,,
,友達,0.4,,
,中華電,2.18,,
,聯發科,1.75,,
,長榮,0.96,,
,陽明,1.18,,
,萬海,1.29,,
,彰銀,1.33,,
,華南金,1.39,,
,富邦金,0.82,,
,國泰金,0.79,,
,開發金,0.79,,
,玉山金,1.81,,
,元大金,0.9,,
,兆豐金,1.34,,
,台新金,0.87,,
,中信金,1.13,,
,第一金,1.35,,
,統一超,8.12,,
,大立光,5.05,,
,聯詠,3.12,,
,欣興,1.33,,
,台灣大,5.73,,
,日月光投控,1.45,,
,遠傳,3.09,,
,中租-KY,2.67,,
,上海商銀,1.53,,
,合庫金,1.22,,
,矽力*-KY,4.25,,
,台塑化,2.86,,
,南電,0.93,,
,豐泰,8.7,,
,台泥,1.08,,
,統一,3.84,,
,台塑,1.6,,
,南亞,1.4,,
,台化,1.33,,
,亞德客-KY,3.36,,
,中鋼,1.15,,
,和泰車,4.61,,
,聯電,0.75,,
,台達電,2.82,,
,鴻海,0.81,,
,國巨,1.55,,
,台積電,3.85,,
,華碩,0.9,,
,瑞昱,4.18,,
,廣達,1.58,,
,研華,5.97,,
,南亞科,1.29,,
,友達,0.39,,
,中華電,2.2,,
,聯發科,2.04,,
,長榮,0.86,,
,陽明,1.08,,
,萬海,1.18,,
,彰銀,1.25,,
,華南金,1.34,,
,富邦金,0.83,,
,國泰金,0.77,,
,開發金,0.78,,
,玉山金,1.76,,
,元大金,0.93,,
,兆豐金,1.2,,
,台新金,0.81,,
,中信金,1.13,,
,第一金,1.25,,
,統一超,7.9,,
,大立光,4.62,,
,聯詠,3.5,,
,欣興,1.37,,
,台灣大,5.88,,
,日月光投控,1.49,,
,遠傳,3.16,,
,中租-KY,2.53,,
,上海商銀,1.66,,
,合庫金,1.2,,
,矽力*-KY,4.68,,
,台塑化,2.63,,
,南電,0.88,,
,豐泰,8.53,,
,台泥,1.12,,
,統一,3.75,,
,台塑,1.61,,
,南亞,1.42,,
,台化,1.31,,
,亞德客-KY,3.84,,
,中鋼,1.14,,
,和泰車,4.92,,
,聯電,0.75,,
,台達電,2.55,,
,鴻海,0.8,,
,國巨,1.68,,
,台積電,4.05,,
,華碩,0.91,,
,瑞昱,4.47,,
,廣達,1.59,,
,研華,6.11,,
,南亞科,1.48,,
,友達,0.38,,
,中華電,2.24,,
,聯發科,2.05,,
,長榮,0.87,,
,陽明,1.05,,
,萬海,1.13,,
,彰銀,1.34,,
,華南金,1.4,,
,富邦金,0.85,,
,國泰金,0.79,,
,開發金,0.79,,
,玉山金,1.83,,
,元大金,0.95,,
,兆豐金,1.2,,
,台新金,0.84,,
,中信金,1.15,,
,第一金,1.27,,
,統一超,7.85,,
,大立光,5.29,,
,聯詠,3.35,,
,欣興,1.53,,
,台灣大,5.9,,
,日月光投控,1.47,,
,遠傳,3.13,,
,中租-KY,2.54,,
,上海商銀,1.7,,
,合庫金,1.23,,
,矽力*-KY,5.16,,
,台塑化,2.65,,
,南電,1.1,,
,豐泰,9.28,,
,台泥,1.2,,
,統一,4.08,,
,台塑,1.81,,
,南亞,1.62,,
,台化,1.45,,
,亞德客-KY,4.45,,
,中鋼,1.19,,
,和泰車,5.96,,
,聯電,0.81,,
,台達電,2.58,,
,鴻海,0.92,,
,國巨,3.01,,
,台積電,4.98,,
,華碩,0.95,,
,瑞昱,4.65,,
,廣達,1.78,,
,研華,7.39,,
,南亞科,1.44,,
,友達,0.39,,
,中華電,2.42,,
,聯發科,2.26,,
,長榮,0.84,,
,陽明,1.12,,
,萬海,1.14,,
,彰銀,1.5,,
,華南金,1.46,,
,富邦金,0.82,,
,國泰金,0.77,,
,開發金,0.78,,
,玉山金,1.95,,
,元大金,0.99,,
,兆豐金,1.3,,
,台新金,0.87,,
,中信金,1.14,,
,第一金,1.32,,
,統一超,9.85,,
,大立光,5.43,,
,聯詠,4.09,,
,欣興,1.69,,
,台灣大,6.78,,
,日月光投控,1.73,,
,遠傳,3.64,,
,中租-KY,2.86,,
,上海商銀,1.76,,
,合庫金,1.27,,
,矽力*-KY,5.69,,
,台塑化,2.93,,
,南電,1.23,,
,豐泰,10.18,,
,台泥,1.23,,
,統一,3.94,,
,台塑,1.8,,
,南亞,1.61,,
,台化,1.43,,
,亞德客-KY,4.7,,
,中鋼,1.19,,
,和泰車,6.61,,
,聯電,0.87,,
,台達電,2.69,,
,鴻海,1.01,,
,國巨,3.17,,
,台積電,5.09,,
,華碩,1.06,,
,瑞昱,4.73,,
,廣達,1.83,,
,研華,7.35,,
,南亞科,1.46,,
,友達,0.44,,
,中華電,2.44,,
,聯發科,2.33,,
,長榮,0.88,,
,陽明,1.08,,
,萬海,1.14,,
,彰銀,1.45,,
,華南金,1.45,,
,富邦金,0.83,,
,國泰金,0.8,,
,開發金,0.8,,
,玉山金,1.91,,
,元大金,1.03,,
,兆豐金,1.32,,
,台新金,0.88,,
,中信金,1.17,,
,第一金,1.36,,
,統一超,9.9,,
,大立光,5.39,,
,聯詠,4.66,,
,欣興,1.65,,
,台灣大,6.85,,
,日月光投控,1.64,,
,遠傳,3.64,,
,中租-KY,2.84,,
,上海商銀,1.67,,
,合庫金,1.26,,
,矽力*-KY,5.91,,
,台塑化,2.9,,
,南電,1.14,,
,豐泰,9.44,,
,台泥,1.3,,
,統一,3.94,,
,台塑,1.81,,
,南亞,1.67,,
,台化,1.45,,
,亞德客-KY,5.04,,
,中鋼,1.22,,
,和泰車,7.06,,
,聯電,0.94,,
,台達電,2.85,,
,鴻海,1.04,,
,國巨,4.15,,
,台積電,5.41,,
,華碩,1.03,,
,瑞昱,4.48,,
,廣達,1.9,,
,研華,6.94,,
,南亞科,1.69,,
,友達,0.52,,
,中華電,2.33,,
,聯發科,2.27,,
,長榮,0.89,,
,陽明,1.16,,
,萬海,1.14,,
,彰銀,1.42,,
,華南金,1.44,,
,富邦金,0.82,,
,國泰金,0.78,,
,開發金,0.79,,
,玉山金,1.92,,
,元大金,1.03,,
,兆豐金,1.3,,
,台新金,0.88,,
,中信金,1.16,,
,第一金,1.37,,
,統一超,9.1,,
,大立光,5.65,,
,聯詠,4.27,,
,欣興,1.47,,
,台灣大,6.2,,
,日月光投控,1.79,,
,遠傳,3.47,,
,中租-KY,2.76,,
,上海商銀,1.62,,
,合庫金,1.24,,
,矽力*-KY,6.06,,
,台塑化,2.86,,
,南電,1.02,,
,豐泰,8.68,,
,台泥,1.25,,
,統一,3.86,,
,台塑,1.7,,
,南亞,1.59,,
,台化,1.41,,
,亞德客-KY,5.06,,
,中鋼,1.18,,
,和泰車,6.43,,
,聯電,0.85,,
,台達電,2.69,,
,鴻海,0.96,,
,國巨,3.67,,
,台積電,5.23,,
,華碩,0.99,,
,瑞昱,4.72,,
,廣達,1.83,,
,研華,6.69,,
,南亞科,1.58,,
,友達,0.52,,
,中華電,2.29,,
,聯發科,1.98,,
,長榮,0.84,,
,陽明,1.09,,
,萬海,1.05,,
,彰銀,1.34,,
,華南金,1.42,,
,富邦金,0.79,,
,國泰金,0.74,,
,開發金,0.75,,
,玉山金,1.93,,
,元大金,1,,
,兆豐金,1.34,,
,台新金,0.86,,
,中信金,1.14,,
,第一金,1.36,,
,統一超,8.94,,
,大立光,5.43,,
,聯詠,4.26,,
,欣興,1.36,,
,台灣大,5.92,,
,日月光投控,1.6,,
,遠傳,3.31,,
,中租-KY,2.54,,
,上海商銀,1.56,,
,合庫金,1.24,,
,矽力*-KY,7.07,,
,台塑化,2.64,,
,南電,0.97,,
,豐泰,8.15,,
,台泥,1.26,,
,統一,3.89,,
,台塑,1.65,,
,南亞,1.56,,
,台化,1.37,,
,亞德客-KY,5.2,,
,中鋼,1.17,,
,和泰車,6.48,,
,聯電,0.88,,
,台達電,2.63,,
,鴻海,0.92,,
,國巨,3.89,,
,台積電,5.16,,
,華碩,0.91,,
,瑞昱,4.29,,
,廣達,1.83,,
,研華,6.77,,
,南亞科,1.57,,
,友達,0.49,,
,中華電,2.29,,
,聯發科,1.84,,
,長榮,0.83,,
,陽明,1.12,,
,萬海,1.07,,
,彰銀,1.45,,
,華南金,1.41,,
,富邦金,0.78,,
,國泰金,0.73,,
,開發金,0.74,,
,玉山金,2,,
,元大金,0.98,,
,兆豐金,1.38,,
,台新金,0.86,,
,中信金,1.18,,
,第一金,1.37,,
,統一超,8.88,,
,大立光,5.01,,
,聯詠,3.82,,
,欣興,1.4,,
,台灣大,5.81,,
,日月光投控,1.53,,
,遠傳,3.19,,
,中租-KY,2.3,,
,上海商銀,1.57,,
,合庫金,1.25,,
,矽力*-KY,6.49,,
,台塑化,2.52,,
,南電,1.17,,
,豐泰,7.61,,
,台泥,1.18,,
,統一,3.48,,
,台塑,1.36,,
,南亞,1.25,,
,台化,1.11,,
,亞德客-KY,4.87,,
,中鋼,0.97,,
,和泰車,5.08,,
,聯電,0.79,,
,台達電,2.27,,
,鴻海,0.8,,
,國巨,2.6,,
,台積電,4.48,,
,華碩,0.91,,
,瑞昱,4.17,,
,廣達,1.77,,
,研華,5.73,,
,南亞科,1.09,,
,友達,0.33,,
,中華電,2.28,,
,聯發科,1.67,,
,長榮,0.66,,
,陽明,0.82,,
,萬海,0.85,,
,彰銀,1.19,,
,華南金,1.18,,
,富邦金,0.66,,
,國泰金,0.64,,
,開發金,0.6,,
,玉山金,1.67,,
,元大金,0.79,,
,兆豐金,1.21,,
,台新金,0.71,,
,中信金,0.93,,
,第一金,1.14,,
,統一超,8.47,,
,大立光,4.33,,
,聯詠,3.36,,
,欣興,1.12,,
,台灣大,5.53,,
,日月光投控,1.26,,
,遠傳,3.05,,
,中租-KY,1.83,,
,上海商銀,1.22,,
,合庫金,1.09,,
,矽力*-KY,6.34,,
,台塑化,2.39,,
,南電,1.22,,
,豐泰,5.79,,
,台泥,1.29,,
,統一,3.69,,
,台塑,1.6,,
,南亞,1.51,,
,台化,1.26,,
,亞德客-KY,6.25,,
,中鋼,1.02,,
,和泰車,5.76,,
,聯電,0.93,,
,台達電,2.63,,
,鴻海,0.88,,
,國巨,4.26,,
,台積電,4.98,,
,華碩,0.9,,
,瑞昱,4.94,,
,廣達,1.91,,
,研華,6.53,,
,南亞科,1.32,,
,友達,0.41,,
,中華電,2.32,,
,聯發科,2.12,,
,長榮,0.8,,
,陽明,1.09,,
,萬海,1.05,,
,彰銀,1.22,,
,華南金,1.28,,
,富邦金,0.74,,
,國泰金,0.73,,
,開發金,0.73,,
,玉山金,1.88,,
,元大金,0.87,,
,兆豐金,1.28,,
,台新金,0.77,,
,中信金,1.04,,
,第一金,1.27,,
,統一超,9.22,,
,大立光,4.65,,
,聯詠,3.64,,
,欣興,1.5,,
,台灣大,5.95,,
,日月光投控,1.44,,
,遠傳,3.2,,
,中租-KY,2.29,,
,上海商銀,1.37,,
,合庫金,1.2,,
,矽力*-KY,7.67,,
,台塑化,2.63,,
,南電,1.58,,
,豐泰,7.61,,
,台泥,1.27,,
,統一,3.87,,
,台塑,1.51,,
,南亞,1.44,,
,台化,1.2,,
,亞德客-KY,5.56,,
,中鋼,1.01,,
,和泰車,5.54,,
,聯電,0.92,,
,台達電,2.6,,
,鴻海,0.87,,
,國巨,4.03,,
,台積電,4.77,,
,華碩,0.93,,
,瑞昱,4.96,,
,廣達,2.06,,
,研華,6.83,,
,南亞科,1.21,,
,友達,0.39,,
,中華電,2.34,,
,聯發科,2.36,,
,長榮,0.78,,
,陽明,1.05,,
,萬海,1.01,,
,彰銀,1.17,,
,華南金,1.28,,
,富邦金,0.75,,
,國泰金,0.73,,
,開發金,0.74,,
,玉山金,1.83,,
,元大金,0.83,,
,兆豐金,1.31,,
,台新金,0.79,,
,中信金,1.03,,
,第一金,1.32,,
,統一超,8.85,,
,大立光,4.33,,
,聯詠,4,,
,欣興,1.41,,
,台灣大,5.95,,
,日月光投控,1.33,,
,遠傳,3.12,,
,中租-KY,2.33,,
,上海商銀,1.33,,
,合庫金,1.22,,
,矽力*-KY,10.39,,
,台塑化,2.57,,
,南電,1.24,,
,豐泰,8.06,,
,台泥,1.22,,
,統一,3.62,,
,台塑,1.79,,
,南亞,1.57,,
,台化,1.43,,
,亞德客-KY,5.31,,
,中鋼,1.11,,
,和泰車,6.34,,
,聯電,0.92,,
,台達電,3.11,,
,鴻海,0.99,,
,國巨,4.49,,
,台積電,4.84,,
,華碩,0.96,,
,瑞昱,5.29,,
,廣達,2.01,,
,研華,7.36,,
,南亞科,1.22,,
,友達,0.53,,
,中華電,2.37,,
,聯發科,2.82,,
,長榮,0.76,,
,陽明,1.14,,
,萬海,1.01,,
,彰銀,1.19,,
,華南金,1.36,,
,富邦金,0.89,,
,國泰金,0.84,,
,開發金,0.86,,
,玉山金,1.83,,
,元大金,0.89,,
,兆豐金,1.29,,
,台新金,0.79,,
,中信金,1.16,,
,第一金,1.31,,
,統一超,7.92,,
,大立光,4.12,,
,聯詠,3.95,,
,欣興,1.71,,
,台灣大,5.56,,
,日月光投控,1.44,,
,遠傳,3.08,,
,中租-KY,2.38,,
,上海商銀,1.33,,
,合庫金,1.21,,
,矽力*-KY,11.19,,
,台塑化,2.82,,
,南電,1.73,,
,豐泰,6.83,,
,台泥,1.28,,
,統一,3.63,,
,台塑,1.61,,
,南亞,1.49,,
,台化,1.28,,
,亞德客-KY,6.32,,
,中鋼,1.06,,
,和泰車,6.04,,
,聯電,1.34,,
,台達電,3.72,,
,鴻海,0.9,,
,國巨,4.6,,
,台積電,6.58,,
,華碩,0.96,,
,瑞昱,6.62,,
,廣達,2.31,,
,研華,8.47,,
,南亞科,1.22,,
,友達,0.57,,
,中華電,2.22,,
,聯發科,3.41,,
,長榮,0.77,,
,陽明,1.11,,
,萬海,1.07,,
,彰銀,1.17,,
,華南金,1.36,,
,富邦金,0.85,,
,國泰金,0.79,,
,開發金,0.79,,
,玉山金,1.93,,
,元大金,0.92,,
,兆豐金,1.35,,
,台新金,0.79,,
,中信金,1.11,,
,第一金,1.37,,
,統一超,7.48,,
,大立光,3.85,,
,聯詠,5.03,,
,欣興,2.19,,
,台灣大,5.28,,
,日月光投控,1.61,,
,遠傳,2.86,,
,中租-KY,2.34,,
,上海商銀,1.23,,
,合庫金,1.25,,
,矽力*-KY,10.28,,
,台塑化,2.59,,
,南電,2.18,,
,豐泰,7.2,,
,台泥,1.28,,
,統一,3.39,,
,台塑,1.6,,
,南亞,1.5,,
,台化,1.28,,
,亞德客-KY,6.7,,
,中鋼,1.06,,
,和泰車,5.38,,
,聯電,1.27,,
,台達電,3.51,,
,鴻海,0.88,,
,國巨,3.95,,
,台積電,6.6,,
,華碩,1.08,,
,瑞昱,6.72,,
,廣達,2.18,,
,研華,8.31,,
,南亞科,1.04,,
,友達,0.59,,
,中華電,2.2,,
,聯發科,2.71,,
,長榮,1.22,,
,陽明,1.77,,
,萬海,1.3,,
,彰銀,1.17,,
,華南金,1.29,,
,富邦金,0.87,,
,國泰金,0.8,,
,開發金,0.78,,
,玉山金,1.93,,
,元大金,0.98,,
,兆豐金,1.22,,
,台新金,0.81,,
,中信金,1.08,,
,第一金,1.27,,
,統一超,7.22,,
,大立光,3.41,,
,聯詠,4.16,,
,欣興,2.51,,
,台灣大,5.11,,
,日月光投控,1.3,,
,遠傳,2.78,,
,中租-KY,2.47,,
,上海商銀,1.22,,
,合庫金,1.2,,
,矽力*-KY,10.92,,
,台塑化,2.61,,
,南電,2.63,,
,豐泰,8.39,,
,台泥,1.24,,
,統一,3.18,,
,台塑,1.61,,
,南亞,1.45,,
,台化,1.28,,
,亞德客-KY,6.7,,
,中鋼,1.09,,
,和泰車,5.8,,
,聯電,1.74,,
,台達電,3.51,,
,鴻海,0.89,,
,國巨,4.17,,
,台積電,6.7,,
,華碩,1.12,,
,瑞昱,6.52,,
,廣達,2.14,,
,研華,7.98,,
,南亞科,1.16,,
,友達,0.64,,
,中華電,2.17,,
,聯發科,2.96,,
,長榮,1.11,,
,陽明,1.7,,
,萬海,1.31,,
,彰銀,1.11,,
,華南金,1.27,,
,富邦金,0.85,,
,國泰金,0.77,,
,開發金,0.77,,
,玉山金,1.82,,
,元大金,0.94,,
,兆豐金,1.16,,
,台新金,0.78,,
,中信金,1.05,,
,第一金,1.23,,
,統一超,7.03,,
,大立光,3.39,,
,聯詠,4.6,,
,欣興,2.53,,
,台灣大,4.86,,
,日月光投控,1.26,,
,遠傳,2.76,,
,中租-KY,2.5,,
,上海商銀,1.13,,
,合庫金,1.17,,
,矽力*-KY,9.99,,
,台塑化,2.55,,
,南電,2.58,,
,豐泰,8.54,,
,台泥,1.27,,
,統一,3.38,,
,台塑,1.73,,
,南亞,1.51,,
,台化,1.36,,
,亞德客-KY,7.84,,
,中鋼,1.11,,
,和泰車,5.81,,
,聯電,1.88,,
,台達電,3.71,,
,鴻海,0.92,,
,國巨,2.78,,
,台積電,6.51,,
,華碩,1.05,,
,瑞昱,7.22,,
,廣達,2.15,,
,研華,7.35,,
,南亞科,1.17,,
,友達,0.67,,
,中華電,2.31,,
,聯發科,3.35,,
,長榮,1.27,,
,陽明,1.92,,
,萬海,1.63,,
,彰銀,1.09,,
,華南金,1.22,,
,富邦金,0.7,,
,國泰金,0.65,,
,開發金,0.71,,
,玉山金,1.76,,
,元大金,0.91,,
,兆豐金,1.2,,
,台新金,0.77,,
,中信金,0.97,,
,第一金,1.21,,
,統一超,8.49,,
,大立光,3.19,,
,聯詠,5.17,,
,欣興,2.33,,
,台灣大,5.67,,
,日月光投控,1.37,,
,遠傳,3.08,,
,中租-KY,2.72,,
,上海商銀,1.11,,
,合庫金,1.16,,
,矽力*-KY,10.34,,
,台塑化,2.81,,
,南電,2.5,,
,豐泰,9.82,,
,台泥,1.35,,
,統一,3.59,,
,台塑,1.87,,
,南亞,1.65,,
,台化,1.52,,
,亞德客-KY,8.47,,
,中鋼,1.25,,
,和泰車,6.19,,
,聯電,2.49,,
,台達電,4.38,,
,鴻海,0.98,,
,國巨,3.46,,
,台積電,7.24,,
,華碩,1.08,,
,瑞昱,7.54,,
,廣達,2.3,,
,研華,7.8,,
,南亞科,1.47,,
,友達,0.71,,
,中華電,2.34,,
,聯發科,3.48,,
,長榮,1.65,,
,陽明,2.23,,
,萬海,2.71,,
,彰銀,1.14,,
,華南金,1.28,,
,富邦金,0.76,,
,國泰金,0.69,,
,開發金,0.75,,
,玉山金,1.82,,
,元大金,0.98,,
,兆豐金,1.23,,
,台新金,0.82,,
,中信金,1.03,,
,第一金,1.29,,
,統一超,8.52,,
,大立光,3.4,,
,聯詠,5.78,,
,欣興,3.07,,
,台灣大,5.64,,
,日月光投控,1.66,,
,遠傳,3.18,,
,中租-KY,3.07,,
,上海商銀,1.17,,
,合庫金,1.22,,
,矽力*-KY,13.07,,
,台塑化,3.23,,
,南電,3.92,,
,豐泰,10.41,,
,台泥,1.29,,
,統一,3.47,,
,台塑,2.1,,
,南亞,1.81,,
,台化,1.65,,
,亞德客-KY,8.34,,
,中鋼,1.36,,
,和泰車,5.81,,
,聯電,2.74,,
,台達電,4.86,,
,鴻海,1.05,,
,國巨,3.85,,
,台積電,7.69,,
,華碩,1.01,,
,瑞昱,7.26,,
,廣達,2.28,,
,研華,8.34,,
,南亞科,1.75,,
,友達,0.79,,
,中華電,2.29,,
,聯發科,3.51,,
,長榮,2.48,,
,陽明,4.41,,
,萬海,3.18,,
,彰銀,1.14,,
,華南金,1.27,,
,富邦金,0.73,,
,國泰金,0.68,,
,開發金,0.75,,
,玉山金,1.82,,
,元大金,1.01,,
,兆豐金,1.27,,
,台新金,0.79,,
,中信金,1.03,,
,第一金,1.27,,
,統一超,8.1,,
,大立光,3.2,,
,聯詠,6.33,,
,欣興,2.86,,
,台灣大,5.48,,
,日月光投控,1.72,,
,遠傳,3.05,,
,中租-KY,2.57,,
,上海商銀,1.21,,
,合庫金,1.2,,
,矽力*-KY,13.37,,
,台塑化,3.4,,
,南電,3.79,,
,豐泰,10.48,,
,台泥,1.21,,
,統一,3.5,,
,台塑,1.89,,
,南亞,1.65,,
,台化,1.51,,
,亞德客-KY,9.27,,
,中鋼,1.26,,
,和泰車,5.12,,
,聯電,2.91,,
,台達電,5.22,,
,鴻海,1.28,,
,國巨,4.26,,
,台積電,8.57,,
,華碩,1.16,,
,瑞昱,8.39,,
,廣達,2.27,,
,研華,8.24,,
,南亞科,1.61,,
,友達,0.84,,
,中華電,2.27,,
,聯發科,4.11,,
,長榮,1.9,,
,陽明,3.22,,
,萬海,2.57,,
,彰銀,1.05,,
,華南金,1.19,,
,富邦金,0.71,,
,國泰金,0.65,,
,開發金,0.72,,
,玉山金,1.68,,
,元大金,0.98,,
,兆豐金,1.2,,
,台新金,0.75,,
,中信金,0.99,,
,第一金,1.2,,
,統一超,8.11,,
,大立光,2.95,,
,聯詠,6.76,,
,欣興,2.83,,
,台灣大,5.33,,
,日月光投控,1.95,,
,遠傳,2.99,,
,中租-KY,2.37,,
,上海商銀,1.1,,
,合庫金,1.13,,
,矽力*-KY,14.53,,
,台塑化,3.04,,
,南電,4.71,,
,豐泰,9.46,,
,台泥,1.26,,
,統一,3.45,,
,台塑,2.12,,
,南亞,1.83,,
,台化,1.68,,
,亞德客-KY,8.99,,
,中鋼,1.36,,
,和泰車,5.34,,
,聯電,3.15,,
,台達電,5.18,,
,鴻海,1.28,,
,國巨,4.4,,
,台積電,8.79,,
,華碩,1.23,,
,瑞昱,8.55,,
,廣達,2.39,,
,研華,8.64,,
,南亞科,1.95,,
,友達,1.07,,
,中華電,2.3,,
,聯發科,4.21,,
,長榮,2.55,,
,陽明,4.86,,
,萬海,2.88,,
,彰銀,1.08,,
,華南金,1.26,,
,富邦金,0.77,,
,國泰金,0.68,,
,開發金,0.75,,
,玉山金,1.79,,
,元大金,1.05,,
,兆豐金,1.24,,
,台新金,0.77,,
,中信金,1.05,,
,第一金,1.24,,
,統一超,7.96,,
,大立光,3.3,,
,聯詠,8.13,,
,欣興,3.19,,
,台灣大,5.38,,
,日月光投控,2.2,,
,遠傳,3.08,,
,中租-KY,2.63,,
,上海商銀,1.17,,
,合庫金,1.18,,
,矽力*-KY,14.91,,
,台塑化,3.41,,
,南電,6.23,,
,豐泰,9.77,,
,台泥,1.43,,
,統一,3.75,,
,台塑,2.2,,
,南亞,2,,
,台化,1.71,,
,亞德客-KY,9.32,,
,中鋼,1.43,,
,和泰車,5.31,,
,聯電,2.92,,
,台達電,5.32,,
,鴻海,1.42,,
,國巨,4.12,,
,台積電,8.52,,
,華碩,1.51,,
,瑞昱,9.18,,
,廣達,2.76,,
,研華,8.44,,
,南亞科,1.86,,
,友達,1.19,,
,中華電,2.35,,
,聯發科,4.55,,
,長榮,2.97,,
,陽明,6.41,,
,萬海,3.31,,
,彰銀,1.11,,
,華南金,1.3,,
,富邦金,0.88,,
,國泰金,0.78,,
,開發金,0.85,,
,玉山金,1.85,,
,元大金,1.11,,
,兆豐金,1.36,,
,台新金,0.8,,
,中信金,1.16,,
,第一金,1.32,,
,統一超,8.26,,
,大立光,3.22,,
,聯詠,9.86,,
,欣興,3,,
,台灣大,5.44,,
,日月光投控,2.29,,
,遠傳,3.19,,
,中租-KY,3.01,,
,上海商銀,1.23,,
,合庫金,1.25,,
,矽力*-KY,12.84,,
,台塑化,3.3,,
,南電,7.37,,
,豐泰,10.24,,
,台泥,1.6,,
,統一,3.86,,
,台塑,2.31,,
,南亞,2.21,,
,台化,1.77,,
,亞德客-KY,10.94,,
,中鋼,2.17,,
,和泰車,5.45,,
,聯電,3.3,,
,台達電,5.59,,
,鴻海,1.33,,
,國巨,4.05,,
,台積電,8.7,,
,華碩,1.52,,
,瑞昱,9.89,,
,廣達,2.77,,
,研華,8.49,,
,南亞科,1.85,,
,友達,1.88,,
,中華電,2.4,,
,聯發科,5.57,,
,長榮,5.19,,
,陽明,13.7,,
,萬海,5.69,,
,彰銀,1.14,,
,華南金,1.32,,
,富邦金,1,,
,國泰金,0.85,,
,開發金,1.05,,
,玉山金,1.91,,
,元大金,1.28,,
,兆豐金,1.39,,
,台新金,0.84,,
,中信金,1.19,,
,第一金,1.36,,
,統一超,8.23,,
,大立光,3.12,,
,聯詠,10.71,,
,欣興,3.77,,
,台灣大,5.54,,
,日月光投控,2.51,,
,遠傳,3.24,,
,中租-KY,3.09,,
,上海商銀,1.27,,
,合庫金,1.26,,
,矽力*-KY,16.3,,
,台塑化,3.53,,
,南電,6.64,,
,豐泰,10.9,,
,台泥,1.62,,
,統一,3.78,,
,台塑,2.25,,
,南亞,2.12,,
,台化,1.67,,
,亞德客-KY,9.25,,
,中鋼,2.04,,
,和泰車,5.15,,
,聯電,3.08,,
,台達電,5.47,,
,鴻海,1.3,,
,國巨,3.77,,
,台積電,8.66,,
,華碩,1.6,,
,瑞昱,9.27,,
,廣達,2.53,,
,研華,7.85,,
,南亞科,1.65,,
,友達,1.46,,
,中華電,2.39,,
,聯發科,4.68,,
,長榮,6.47,,
,陽明,17.6,,
,萬海,8.71,,
,彰銀,1.07,,
,華南金,1.27,,
,富邦金,1.12,,
,國泰金,0.91,,
,開發金,1.01,,
,玉山金,1.82,,
,元大金,1.26,,
,兆豐金,1.41,,
,台新金,0.88,,
,中信金,1.21,,
,第一金,1.31,,
,統一超,8.03,,
,大立光,3.04,,
,聯詠,9.16,,
,欣興,3.69,,
,台灣大,5.57,,
,日月光投控,2.38,,
,遠傳,3.2,,
,中租-KY,3.19,,
,上海商銀,1.33,,
,合庫金,1.24,,
,矽力*-KY,20.51,,
,台塑化,3.41,,
,南電,6.89,,
,豐泰,12.66,,
,台泥,1.47,,
,統一,3.48,,
,台塑,1.83,,
,南亞,1.8,,
,台化,1.35,,
,亞德客-KY,9.22,,
,中鋼,2.06,,
,和泰車,5.47,,
,聯電,2.73,,
,台達電,5.12,,
,鴻海,1.22,,
,國巨,3.75,,
,台積電,7.96,,
,華碩,1.27,,
,瑞昱,7.79,,
,廣達,2.17,,
,研華,8.5,,
,南亞科,1.57,,
,友達,1.14,,
,中華電,2.29,,
,聯發科,3.72,,
,長榮,7.54,,
,陽明,9.84,,
,萬海,11.99,,
,彰銀,1,,
,華南金,1.23,,
,富邦金,0.93,,
,國泰金,0.83,,
,開發金,0.92,,
,玉山金,1.76,,
,元大金,1.25,,
,兆豐金,1.35,,
,台新金,0.88,,
,中信金,1.08,,
,第一金,1.3,,
,統一超,7.15,,
,大立光,3.09,,
,聯詠,6.6,,
,欣興,3.84,,
,台灣大,5.24,,
,日月光投控,2.14,,
,遠傳,3.04,,
,中租-KY,2.79,,
,上海商銀,1.27,,
,合庫金,1.21,,
,矽力*-KY,18.36,,
,台塑化,3.06,,
,南電,7.43,,
,豐泰,11.36,,
,台泥,1.53,,
,統一,3.48,,
,台塑,1.77,,
,南亞,1.88,,
,台化,1.31,,
,亞德客-KY,7.71,,
,中鋼,1.89,,
,和泰車,5.25,,
,聯電,2.97,,
,台達電,4.85,,
,鴻海,1.2,,
,國巨,3.79,,
,台積電,7.76,,
,華碩,1.2,,
,瑞昱,9.07,,
,廣達,1.92,,
,研華,8.97,,
,南亞科,1.42,,
,友達,1.04,,
,中華電,2.31,,
,聯發科,3.51,,
,長榮,5.07,,
,陽明,6.61,,
,萬海,8.35,,
,彰銀,1.03,,
,華南金,1.28,,
,富邦金,0.94,,
,國泰金,0.84,,
,開發金,0.98,,
,玉山金,1.78,,
,元大金,1.18,,
,兆豐金,1.36,,
,台新金,0.98,,
,中信金,1.09,,
,第一金,1.3,,
,統一超,7.62,,
,大立光,2.92,,
,聯詠,6.76,,
,欣興,4.34,,
,台灣大,5.34,,
,日月光投控,2.34,,
,遠傳,2.86,,
,中租-KY,3.19,,
,上海商銀,1.17,,
,合庫金,1.24,,
,矽力*-KY,18.28,,
,台塑化,2.79,,
,南電,7.57,,
,豐泰,10.74,,
,台泥,1.41,,
,統一,3.44,,
,台塑,1.82,,
,南亞,1.94,,
,台化,1.34,,
,亞德客-KY,7.25,,
,中鋼,1.98,,
,和泰車,5.19,,
,聯電,3.14,,
,台達電,4.57,,
,鴻海,1.21,,
,國巨,3.22,,
,台積電,8.21,,
,華碩,1.11,,
,瑞昱,8.54,,
,廣達,1.94,,
,研華,9.51,,
,南亞科,1.31,,
,友達,0.89,,
,中華電,2.25,,
,聯發科,3.48,,
,長榮,5.22,,
,陽明,7.54,,
,萬海,9.26,,
,彰銀,1.03,,
,華南金,1.39,,
,富邦金,1.07,,
,國泰金,0.92,,
,開發金,0.99,,
,玉山金,1.9,,
,元大金,1.16,,
,兆豐金,1.35,,
,台新金,1.11,,
,中信金,1.1,,
,第一金,1.32,,
,統一超,7.76,,
,大立光,2.67,,
,聯詠,5.94,,
,欣興,4.39,,
,台灣大,5.19,,
,日月光投控,2.45,,
,遠傳,2.9,,
,中租-KY,3.86,,
,上海商銀,1.26,,
,合庫金,1.27,,
,矽力*-KY,19.34,,
,台塑化,2.81,,
,南電,8.04,,
,豐泰,10.04,,
,台泥,1.48,,
,統一,3.25,,
,台塑,2.01,,
,南亞,1.98,,
,台化,1.34,,
,亞德客-KY,7.94,,
,中鋼,1.89,,
,和泰車,5.21,,
,聯電,3.19,,
,台達電,4.26,,
,鴻海,1.14,,
,國巨,2.97,,
,台積電,7.76,,
,華碩,1.12,,
,瑞昱,7.64,,
,廣達,1.92,,
,研華,9,,
,南亞科,1.3,,
,友達,0.89,,
,中華電,2.22,,
,聯發科,3.51,,
,長榮,4.84,,
,陽明,6.75,,
,萬海,8.36,,
,彰銀,1.03,,
,華南金,1.39,,
,富邦金,1.11,,
,國泰金,0.89,,
,開發金,0.99,,
,玉山金,1.87,,
,元大金,1.15,,
,兆豐金,1.32,,
,台新金,1.09,,
,中信金,1.09,,
,第一金,1.3,,
,統一超,7.61,,
,大立光,2.18,,
,聯詠,5.42,,
,欣興,3.93,,
,台灣大,5.08,,
,日月光投控,2.08,,
,遠傳,2.9,,
,中租-KY,3.56,,
,上海商銀,1.25,,
,合庫金,1.28,,
,矽力*-KY,19.99,,
,台塑化,2.85,,
,南電,8.29,,
,豐泰,9.99,,
,台泥,1.36,,
,統一,3.51,,
,台塑,1.91,,
,南亞,1.84,,
,台化,1.29,,
,亞德客-KY,7.02,,
,中鋼,1.69,,
,和泰車,5.05,,
,聯電,3,,
,台達電,4.42,,
,鴻海,1.14,,
,國巨,3.13,,
,台積電,7.68,,
,華碩,1.29,,
,瑞昱,8.67,,
,廣達,2.12,,
,研華,8.51,,
,南亞科,1.3,,
,友達,0.88,,
,中華電,2.37,,
,聯發科,3.78,,
,長榮,2.9,,
,陽明,3.39,,
,萬海,5.19,,
,彰銀,1.01,,
,華南金,1.34,,
,富邦金,1.03,,
,國泰金,0.86,,
,開發金,0.94,,
,玉山金,1.84,,
,元大金,1.17,,
,兆豐金,1.43,,
,台新金,1.05,,
,中信金,1.05,,
,第一金,1.3,,
,統一超,9.67,,
,大立光,2.03,,
,聯詠,5.44,,
,欣興,5.38,,
,台灣大,5.79,,
,日月光投控,1.84,,
,遠傳,3.3,,
,中租-KY,3.94,,
,上海商銀,1.22,,
,合庫金,1.27,,
,矽力*-KY,21.7,,
,台塑化,2.85,,
,南電,9.33,,
,豐泰,9.39,,
,台泥,1.3,,
,統一,3.45,,
,台塑,1.82,,
,南亞,1.79,,
,台化,1.25,,
,亞德客-KY,7.23,,
,中鋼,1.64,,
,和泰車,5,,
,聯電,3.31,,
,台達電,4.62,,
,鴻海,1.1,,
,國巨,3.29,,
,台積電,7.76,,
,華碩,1.29,,
,瑞昱,9.64,,
,廣達,2.33,,
,研華,8.95,,
,南亞科,1.45,,
,友達,0.92,,
,中華電,2.41,,
,聯發科,4.18,,
,長榮,3.63,,
,陽明,4.05,,
,萬海,5.07,,
,彰銀,1.01,,
,華南金,1.33,,
,富邦金,1.03,,
,國泰金,0.89,,
,開發金,1.09,,
,玉山金,1.87,,
,元大金,1.12,,
,兆豐金,1.46,,
,台新金,1.07,,
,中信金,1.11,,
,第一金,1.31,,
,統一超,9.25,,
,大立光,1.95,,
,聯詠,6.1,,
,欣興,6.45,,
,台灣大,5.73,,
,日月光投控,1.88,,
,遠傳,3.31,,
,中租-KY,3.66,,
,上海商銀,1.28,,
,合庫金,1.34,,
,矽力*-KY,22.23,,
,台塑化,2.72,,
,南電,11.91,,
,豐泰,8.85,,
,台泥,1.46,,
,統一,3.46,,
,台塑,1.72,,
,南亞,1.7,,
,台化,1.22,,
,亞德客-KY,8.02,,
,中鋼,1.66,,
,和泰車,4.82,,
,聯電,3.15,,
,台達電,4.8,,
,鴻海,1.08,,
,國巨,3.17,,
,台積電,7.68,,
,華碩,1.29,,
,瑞昱,8.57,,
,廣達,2.45,,
,研華,8.72,,
,南亞科,1.45,,
,友達,0.96,,
,中華電,2.44,,
,聯發科,4.79,,
,長榮,3.05,,
,陽明,2.37,,
,萬海,4.38,,
,彰銀,1.06,,
,華南金,1.41,,
,富邦金,1.07,,
,國泰金,0.96,,
,開發金,1.35,,
,玉山金,1.98,,
,元大金,1.17,,
,兆豐金,1.49,,
,台新金,1.11,,
,中信金,1.22,,
,第一金,1.42,,
,統一超,8.95,,
,大立光,2.33,,
,聯詠,5.53,,
,欣興,6.16,,
,台灣大,5.64,,
,日月光投控,2,,
,遠傳,3.34,,
,中租-KY,3.7,,
,上海商銀,1.36,,
,合庫金,1.48,,
,矽力*-KY,21.57,,
,台塑化,2.63,,
,力積電,4.83,,
,南電,9.98,,
,豐泰,12.29,,
